{
    "research": {
    "parent": "lava",
    "requirements": [
    "volcanite/820",
    "primal-red/700",
    "plastanium/740",
    "lead/940",
    "silicon/1000"
    ]
    },
   "type": "tank",
 "faceTarget": false,
"squareShape": true,
"treadFrames": 14,
"treadPullOffset": 8,
"treadRects": [
{
"x": 54,
"y": -200,
"width": 44,
"height":300
}
],
"singleTarget": false,
"omniMovement": false,
"outlineColor": "252525FF",

	"speed": 0.5,
	"hitSize": 48,
	"health": 50000,
	"armor": 35,
    "singleTarget": false,
	"flying": false,
	"targetAir": true,
	"rotateSpeed": 1,
	"immunities": [
		"burning", 
		"melting",
		"blasted"
	],
	"weapons": [
	 {
  "name": "eruption-weapon",
  "x": 0,
  "y": 0,
  "mirror": false,
  "layerOffset": 2,	 
  "top": true,
  "reload": 120,
  "cooldownTime": 100
  "rotate": true,
  "rotateSpeed": 0.8,
  "shootY": 37,
  "minWarmup": 0.85,
  "smoothReloadSpeed": 0.08,
  "shootWarmupSpeed": 0.02,
  "recoil": 2,
   "parts": [
      {
  "type": "RegionPart",
  "suffix": "-side",
  "mirror": true, 
  "moveY": 5.5,    
   "moves": [
   {
   "type": "PartMove",
   "progress": "recoil",
   "rot": -4
   "y": -2
   }
   ],
  "progress": "warmup"
  },
    {
  "type": "RegionPart",
  "suffix": "-side",
  "mirror": true, 
  "moveY": -4.5,    
   "moveX": 3.5,
   "moves": [
   {
   "type": "PartMove",
   "progress": {
   "type": "warmup",
   "op": "blend",
   "other": "recoil",
   "amount": 1.15
   },
   "y": -2
   "rot": -6
   }
   ],
  "progress": "warmup"
  },
  {
  "type": "RegionPart",
  "suffix": "-spine",
  "mirror": true, 
  "moveRot": -44,
   "moveX": 5,
  "layerOffset": -0.001,
  "y": -3,
  "x": 6,
   "moves": [
   {
   "type": "PartMove",
   "progress": "recoil",
   "rot": -9
   }
   ],
  "progress": "warmup"
  },
   {
  "type": "RegionPart",
  "suffix": "-spine",
  "mirror": true, 
  "moveRot": -74,    
   "moveX": 8,
  "layerOffset": -0.001,
  "y": -6,
  "x": 6,
   "moves": [
   {
   "type": "PartMove",
   "progress": {
   "type": "warmup",
   "op": "blend",
   "other": "recoil",
   "amount": 1.15
   },
   "rot": -9
   }
   ],
  "progress": "warmup"
  },
   {
  "type": "RegionPart",
  "suffix": "-spine",
  "mirror": true, 
  "moveRot": -104,    
   "moveX": 5,
  "layerOffset": -0.001,
  "y": -9,
  "x": 6,
   "moves": [
   {
   "type": "PartMove",
  "progress": {
   "type": "warmup",
   "op": "blend",
   "other": "recoil",
   "amount": 1.25
   },
   "rot": -9
   }
   ],
  "progress": "warmup"
  }
],
  "shootSound": "largeCannon",
    "bullet": {
    "type" : "basicBulletType",
     "sprite": "exogenesis-energy-projectile",
    "status": "exogenesis-molten1",
    "damage": 800,
    "pierceBuilding": true,
    "pierceCap": 2,
    "height" :36,
    "width" : 17,
    "shrinkX": 0,
   "shrinkY": 0,
    "speed": 10,
    "lifetime" : 22,
    "smokeEffect": {
    "type": "multiEffect",
    "effects": [
    {
    "type": "ParticleEffect",
    "line": true,
    "particles": 8,
    "lifetime": 40,
    "interp": "circleOut",
    "offset": 30,
    "cone": 30,
    "length": 60,
    "lightColor": "FF5845FF",
    "strokeFrom": 4,
    "strokeTo": 0,
    "lenFrom": 6,
    "lenTo": 6,
    "colorFrom": "FFDCD8FF",
    "colorTo": "FF5845FF"
    }
    ]
    },
	"hitEffect": {
    "type": "multiEffect",
    "effects": [
    {
    "type": "ParticleEffect",
    "particles": 20,
    "length": 35,
    "baseLength": 10,
    "lifetime": 70,
    "lightColor": "FF5845FF",
    "interp": "circleOut",
    "sizeInterp": "pow5In",
    "cone": 360,
     "colorFrom": "FF5845FF",
    "colorTo": "3f3f3fff",
    "sizeFrom": 10,
    "sizeTo": 0
    },
    {
    "type": "ParticleEffect",
    "line": true,
    "particles": 25,
    "lifetime": 30,
    "interp": "circleOut",
    "length": 50,
    "lightColor": "FF5845FF",
    "strokeFrom": 4,
    "strokeTo": 0,
    "lenFrom": 10,
    "lenTo": 10,
    "colorFrom": "FFDCD8FF",
    "colorTo": "FF5845FF"
    },
    {
   "type": "ParticleEffect",
    "line": true,
    "particles": 25,
    "lifetime": 40,
    "interp": "circleOut",
    "cone": 40,
    "length": 90,
    "lightColor": "FF5845FF",
    "strokeFrom": 5,
    "strokeTo": 0,
    "lenFrom": 12,
    "lenTo": 3,
    "colorFrom": "FFDCD8FF",
    "colorTo": "FF5845FF"
    },
    {
    "type": "ParticleEffect",
    "particles": 15,
    "length": 45,
    "baseLength": 10,
    "lifetime": 50,
    "lightColor": "FF5845FF",
    "interp": "circleOut",
    "sizeInterp": "pow5In",
    "cone": 360,
    "colorFrom": "FF5845FF",
    "colorTo": "FF5845ff",
    "sizeFrom": 7,
    "sizeTo": 0
    },
    {
    "type": "WaveEffect",
    "lifetime": 20,
    "sizeFrom": 20,
    "sizeTo": 40,
    "strokeFrom": 4,
    "strokeTo": 0,
    "lightColor": "FF5845FF",
    "colorFrom": "FFDCD8FF",
    "colorTo": "FF5845FF"
    }
    ]
    },
    "despawnHit": true,
    "shootEffect": {
    "type": "multiEffect",
    "followParent": true,
    "rotWithParent": true,
    "effects": [
    {
    "type": "ParticleEffect",
    "particles": 1,
    "lifetime": 10,
    "length": 0,
    "region": "exogenesis-tall",
    "sizeFrom": 42,
    "sizeTo": 0,
    "colorFrom": "FF5845FF",
    "colorTo": "FF5845FF"
    }
    ]
    },
    "trailLength": 8,
    "trailWidth": 4,
    "trailColor": "FF5845FF",
    "backColor": "FF5845FF",
    "frontColor": "FFffffFF",
     "spawnBullets": [
    {
    "fragBullets": 2,
    "fragRandomSpread": 10,
    "fragBullet": {
    "type": "BulletType",
    "lifetime": 0,
    "fragBullets": 3,
    "fragRandomSpread": 20,
    "fragBullet": {
    "type": "basicBulletType",
     "sprite" : "missile-large",
    "hitEffect": "blastExplosion",
    "despawnHit": true,
    "lifetime": 30,
    "damage": 90,
    "speed": 8.6,
    "trailLength": 8,
    "trailWidth": 2.5,
    "trailColor": "FF5845FF",
    "width": 5,
    "height": 13,
    "backColor": "FF5845FF",
    "frontColor": "FFffffFF"
    }
    },
    "type": "BulletType",
    "lifetime": 0
    }
    ],
  }
}
    ]
}
