{
"outlineColor": "252525FF",
"type": "tank",
"armor": 8,
"hitSize": 12,
"squareShape": true,
"treadPullOffset": 8,
"treadRects": [
{
"x": 7,
"width": 10,
"height": 24
}
],
"singleTarget": false,
"omniMovement": false,
"rotateSpeed": 1.8,
"speed": 1,
"flying": false,
"health": 300,
"range": 120,
"immunities": [
    "melting",
    "burning",
    "blasted"
		],
"weapons": [
  {
  "name": "heat-weapon",
    "mirror": false,
    "x": 0,
    "y": 0,
    "rotate": true,
    "inaccuracy": 9,
    "rotateSpeed": 5,
    "shootY": 8,
    "reload": 5,
    "recoil": 1.5,
    "shootSound": "shoot",
    "bullet": {
    "type": "basicBulletType",
    "sprite" : "missile-large",
    "shootEffect": "shootBig2",
    "hitEffect": "hitBulletSmall",
    "despawnHit": true,
    "lifetime": 30,
    "damage": 20,
    "speed": 6.6,
    "trailLength": 8,
    "trailWidth": 1.5,
    "trailColor": "FF5845FF",
    "width": 4,
    "height": 9,
    "backColor": "FF5845FF",
    "frontColor": "FFC1BBFF"
     }
  }
]
}
 




