{
    "research": {
    "parent": "magma",
    "requirements": [
    "volcanite/500",
    "plastanium/400",
    "lead/640",
    "silicon/800"
    ]
    },
    "type": "tank",
 "faceTarget": false,
"squareShape": true,
"treadFrames": 18,
"treadPullOffset": 8,
"treadRects": [
{
"x": 19,
"width": 24,
"height": 47
}
],
"singleTarget": false,
"omniMovement": false,
"outlineColor": "252525FF",
	"speed": 0.67,
	"hitSize": 29,
	"health": 9800,
	"armor": 24,
    "singleTarget": false,
	"flying": false,
	"targetAir": true,
	"rotateSpeed": 1.5,
	"immunities": [
		"burning", 
		"melting",
		"exogenesis-molten1",
		"blasted"
	],
	"weapons": [
	 {
  "name": "lava-weapon",
  "x": 0,
  "y": 0,
  "ejectEffect": "casing3",
  "mirror": flase,
  "top": true,
  "rotate": true,
  "rotateSpeed": 2.5,
  "shake": 4,
  "shootY": 21,
  "reload": 95,
   "shoot": {
"type": "shootSpread",
    "shots": 3,
    "spread": 6
},
  "recoil": 4,
  "shootSound": "mediumCannon",
    "bullet": {
	"type" : "basicBulletType",
	 "sprite" : "missile-large",
	"status": "exogenesis-molten1",
	"damage": 120,
	"height" : 16,
	"width" : 9,
        "shrinkX": 0,
	"shrinkY": 0,
	"speed": 5,
	"lifetime" : 35,
	"hitEffect": {
    "type": "multiEffect",
    "effects": [
    {
    "type": "ParticleEffect",
    "line": true,
    "particles": 15,
    "lifetime": 30,
    "interp": "circleOut",
    "offset": 30,
    "length": 50,
    "lightColor": "FF5845FF",
    "strokeFrom": 4,
    "strokeTo": 0,
    "lenFrom": 10,
    "lenTo": 10,
    "colorFrom": "FF5845FF",
    "colorTo": "FF5845FF"
    },
    {
    "type": "ParticleEffect",
    "particles": 45,
    "length": 55,
    "baseLength": 10,
    "lifetime": 100,
    "lightColor": "FF5845FF",
    "interp": "circleOut",
    "cone": 360,
    "colorFrom": "FF5845FF",
    "colorTo": "FF584510",
    "sizeFrom": 10,
    "sizeTo": 2
    },
    {
    "type": "WaveEffect",
    "lifetime": 30,
    "sizeFrom": 0,
    "sizeTo": 40,
    "strokeFrom": 3,
    "strokeTo": 0,
    "colorFrom": "FF5845FF",
    "colorTo": "FF5845FF"
    }
    ]
    },
   "despawnHit": true,
   "shootEffect": {
    "type": "multiEffect",
    "effects": [
    {
	"type": "ParticleEffect",
    "particles": 15,
    "length": 80,
    "lifetime": 36,
    "interp": "circleOut",
    "cone": 20,
    "colorFrom": "FFC1BBFF",
    "colorTo": "FF5845FF",
    "sizeFrom": 3,
    "sizeTo": 0
    },
    {
    "type": "ParticleEffect",
    "particles": 1,
    "lifetime": 10,
    "length": 0,
    "region": "exogenesis-tall",
    "sizeFrom": 36,
    "sizeTo": 0,
    "colorFrom": "FF5845FF",
    "colorTo": "FF5845FF"
    }
    ]
	},
	"trailParam": 5,
	"trailLength": 19,
    "trailWidth": 2.6,
	"trailColor": "FF5845FF",
    "backColor": "FF5845FF",
    "frontColor": "FFffffFF"
    }
	 }
 ]
}
