{
"localizedName": "Molten",
"outlineColor": "252525FF",
"research": {
"parent": "heat",
"requirements": [
"volcanite/300",
"lead/340",
"silicon/400"
]
},
"type": "tank",
 "faceTarget": false,
"squareShape": true,
"treadFrames": 18,
"treadPullOffset": 5,
"treadRects": [
{
"x": 10,
"width": 10,
"height": 40
}
],
"singleTarget": false,
"omniMovement": false,
"rotateSpeed": 1.8,
"armor": 12,
"hitSize": 18,
"rotateShooting": false,
"speed": 0.8,
"flying": false,
"health": 700,
"immunities": [
		"melting",
		"blasted",
		"burning"
		],
"weapons": [
{
  "name": "molten-weapon",
  "x": 0,
  "y": 0,
  "mirror": false,
  "top": true,
  "recoil": 0,
  "rotate": true,
  "shootY": 10,
  "rotateSpeed": 3,
    "shootSound": "torch",
    "alwaysContinuous": true,
    "continuous": true,
    "bullet": {
     "type": "ContinuousFlameBulletType",
    "colors": ["e71507AA", "ff8517ff", "ffda5bff", "fffeebff"],
    "damage": 4,
    "flareWidth": 2.5,
    "flareLength": 28,
    "flareColor": "ff8517ff",
    "width": 4,
     "hitEffect": {
    "type": "ParticleEffect",
    "line": true,
    "particles": 7,
    "lifetime": 15,
    "length": 65,
    "cone": -360,
    "strokeFrom": 2.5,
    "strokeTo": 0,
    "lenFrom": 8,
    "lenTo": 0,
    "colorFrom": "ffda5bff",
    "colorTo": "ff8517ff"
    },
    "divisions": 20,
    "length": 67,
    "drawSize": 350,
    "lifetime": 220,
    "status": "melting",
    "statusDuration": 150
    }
  }
]
}





