{
"name": "Radiative",
"research": {
"parent": "photosphere",
"requirements": [
"volcanite/500",
"plastanium/400",
"lead/640",
"silicon/800"
]
},
"type": "mech",
"armor": 15,
"outlineColor": "252525FF",
"mechLegColor": "252525FF",
"rotateSpeed": 2.8,
"canDrown": false,
"hitSize": 38,
"mechFrontSway": 1,
"mechStepParticles": true,
"mechLandShake": 2,
"singleTarget": true,
"speed": 0.30,
"health": 9500,
"range": 155,
"immunities": [
		"burning",
		"melting"
		],
"weapons": [
  {
  "name": "radiative-plasma-cannon",
  "x": 20,
  "y": 1,
  "top": false,
   "rotate": true,
  "rotateSpeed": 1,
  "layerOffset": -0.001,
  "recoil": 0,
  "reload": 60,
  "shootY": 15,
  "shootX": -2,
  "alternate": false,
  "rotationLimit": 37,
  "alwaysContinuous": true,
  "continuous": true,
  "shootSound": "torch",
  "bullet": {
    "type": "ContinuousFlameBulletType",
    "colors": ["ed1e27aa", "d70a2b90", "ff4848", "ffb0a0", "FFFFFFFF"],
    "damage": 30,
    "flareWidth": 0,
    "flareLength": 0,
    "flareColor": "FF5845FF",
    "width": 5.4,
    "pierceArmor": true,
    "divisions": 20,
    "length": 100,
    "status": "melting",
    "statusDuration": 80,
    "hitEffect": {
    "type": "ParticleEffect",
    "line": true,
    "particles": 8,
    "lifetime": 25,
    "length": 65,
    "cone": -360,
    "lenFrom": 7,
    "lenTo": 1,
    "colorFrom": "ff4848",
    "colorTo": "d70a2b"
    },
    "drawSize": 660
    }
    },
    {
   "name": "solran-gunner",
  "x": 12.5,
  "y": -7,
  "reload": 28,
  "alternate": true,
  "top": true,
  "rotate": true,
  "rotateSpeed": 3,
  "shoot": {
  "shots": 3
    },
  "shootSound": "laser",
  "ejectEffect": "casing1",
  "bullet": {
	"type" : "basicBulletType",
	"sprite" : "exogenesis-peircer",
	"status": "melting",
	"damage": 30,
	"height" : 12,
	"width" : 12,
	"hitSize": 5,
	"speed": 5,
	"lifetime" : 45,
	"pierceBuilding": true,
	"pierceCap": 2,
	"hitEffect": {
	"type": "ParticleEffect",
        "particles": 6,
        "sizeFrom": 5,
        "sizeTo": 0,
        "length": 20,
        "lifetime": 15,
        "interp": "circleOut",
        "colorFrom": "FFC1BBFF",
        "colorTo": "FF5845FF",
        "cone": 360   
	},
	"despawnEffect": {
	"type": "ParticleEffect",
        "particles": 6,
        "sizeFrom": 5,
        "sizeTo": 0,
        "length": 20,
        "lifetime": 15,
        "interp": "circleOut",
        "colorFrom": "FFC1BBFF",
        "colorTo": "FF5845FF",
        "cone": 360   
	},
	"shootEffect": "hitMeltdown",
	"pierce": true,
	"trailParam": 5,
	"trailLength": 19,
        "trailWidth": 3,
	"trailEffect": "none",
	"trailColor": "FF5845FF",
        "backColor": "FF5845FF",
        "frontColor": "FFC1BBFF"
      }
    }
  ]
}
