{
    "research": {
    "parent": "hostile",
    "requirements": [
    "oltuxium/1220",
    "surge-alloy/1000",
    "plastanium/940",
    "alpha-yellow/850",
    "osmium/1240",
    "silicon/1300"
    ]
    },
    "groundLayer": 75,
    "lightRadius": "145",
    "lightColor": "F3E979FF",
	"range": 600,
    "maxRange": 600,
    "type": "legs",
	"speed": 0.37,
	"hitSize": 55,
    "mineSpeed": 8.5,
    "mineTier": 4,
    "buildSpeed": 4.5,
    "itemCapacity": 200,
	"health": 78700,
	"armor": 19,
	"drag": 0.2,
	"flying": false,
	"targetAir": true,
	"rotateSpeed": 1.5,
	"legCount": 4,
    "legMoveSpace": 1.1,
    "legLength": 32,
    "legBaseOffset": 16,
    "legSpeed": 0.01,
    "rippleScale": 3.5,
    "legSplashDamage": 56,
    "legSplashRange": 30,
	"allowLegStep": true,
	"hovering": true,
	"immunities": [
		"slow", 
		"sapped",
		"blasted"
	],
	"weapons": [
	 {
    "name": "proton-cannon",
    "mirror": false,
    "top": false,
    "x": -0.5,
    "y": 15.5,
    "shootY": 13,
    "reload": 265,
    "recoil": 4,
    "shootSound": "railgun",
    "rotate": false,
    "bullet": {
    "type": "basicBulletType",
    "damage": 3600,
    "splashDamage": 100,
    "splashDamageRadius": 25,
    "width": 15,
    "height": 15,
    "shootEffect": "instBomb",
    "sprite": "circle-bullet",
    "pierceCap": 3,
    "pierce": true,
    "knockback": 7,
    "shrinkY": 0,
    "shrinkX": 0,
    "trailColor": "F3E979FF",
    "trailChance": 1,
    "trailParam": 5,
    "trailEffect": {
    "type": "WaveEffect",
    "lifetime": 15,
    "sizeFrom": 6,
    "sizeTo": 7,
    "strokeFrom": 4,
    "strokeTo": 0,
    "colorFrom": "F3E979FF",
    "colorTo": "F3E979FF"
    },
    "trailLength": 19,
    "trailInterval": 17,
    "trailWidth": 4,
    "lightning": 7,
    "lightningDamage": 88,
    "lightningLength": 5,
    "lightningCone": 360,
    "lightningLengthRand": 8,
    "speed": 18,
    "lifetime": 68,
    "frontColor": "FFFFFF",
    "backColor": "F3E979FF",
    "despawnEffect": {
    "type": "ParticleEffect",
    "particles": 30,
    "length": 60,
    "lifetime": 46,
    "interp": "circleOut",
    "cone": 360,
    "colorFrom": "F3E979FF",
    "colorTo": "F3E979FF",
    "sizeFrom": 5,
    "sizeTo": 0
    },
    "hitEffect": {
    "type": "ParticleEffect",
    "particles": 30,
    "length": 60,
    "lifetime": 46,
    "interp": "circleOut",
    "cone": 360,
    "colorFrom": "F3E979FF",
    "colorTo": "F3E979FF",
    "sizeFrom": 5,
    "sizeTo": 0
    }
    }
	 },
	 {
    "name": "surge-rocket",
    "shootCone": 15,
    "alternate": true,
    "mirror": true,
    "top": true,
    "x": 22,
    "y": 10,
    "reload": 18,
    "shootSound": "missile",
    "recoil": 2.6,
    "rotate": true,
    "rotateSpeed": 2,
    "shoot": {
    "shots": 2, 
    },
    "bullet": {
    "type": "MissileBulletType",
    "shootEffect": "shootHealYellow",
    "damage": 45,
    "speed": 5,
    "keepVelocity": false,
	"frontColor": "FFFFFFF",
    "backColor": "F3E979FF",
    "trailColor": "ECD36FFF",
    "lifetime": 55,
  	"homingPower": 1,
	"homingRange": 100,
	"weaveScale": 5,			
	"weaveMag": 2,
	"splashDamageRadius": 20,
	"splashDamage": 10,			
    "lightning": 3,
    "lightningDamage": 8,
    "lightningLength": 5,
    "lightningCone": 360,
    "lightningLengthRand": 8
    }
	 },
	 {
    "name": "surge-rocket",
    "shootCone": 15,
    "alternate": true,
    "mirror": true,
    "top": true,
    "x": 22,
    "y": -21,
    "reload": 18,
    "shootSound": "missile",
    "recoil": 2.6,
    "rotate": true,
    "rotateSpeed": 2,
    "shoot": {
    "shots": 2, 
    },
    "bullet": {
    "type": "MissileBulletType",
    "shootEffect": "shootHealYellow",
    "damage": 45,
    "speed": 5,
    "keepVelocity": false,
	"frontColor": "FFFFFFF",
    "backColor": "F3E979FF",
    "trailColor": "ECD36FFF",
    "lifetime": 55,
  	"homingPower": 1,
	"homingRange": 100,
	"weaveScale": 5,			
	"weaveMag": 2,
	"splashDamageRadius": 20,
	"splashDamage": 10,			
    "lightning": 3,
    "lightningDamage": 8,
    "lightningLength": 5,
    "lightningCone": 360,
    "lightningLengthRand": 8
    }
	 }
     ],
    "abilities": [
        {
            "type": "mindustry.entities.abilities.ForceFieldAbility",
            "radius": 70,
            "regen": 3,
            "max": 2000,
            "cooldown": 260
        }
    ]
}
