{
    "research": {
    "parent": "debate",
    "requirements": [
    "oltuxium/500",
    "plastanium/400",
    "lead/640",
    "silicon/800"
    ]
    },
        "speed": 1.6,
        "accel": 0.02,
        "drag": 0.018,
        "flying": true,
        "faceTarget": true,
        "health": 13800,
        "hitSize": 56,
        "armor": 10,
        "engineOffset": 21,
        "engineSize": 5.8,
        "lowAltitude": true,
 "engineColor": "F3E979FF"
        "range": 140,
	    "weapons": [
	   {
  "name": "shock-artillery",
    "shootCone": 15,
    "mirror": true,
    "alternate": true,
    "x": 14,
    "y": 13,
    "reload": 60,
    "recoil": 3,
    "ejectEffect": "casing2",
    "shootSound": "artillery",
    "shake": 2,
    "bullet": {
    "keepVelocity": false,
    "type": "artilleryBulletType",
    "collides": true,
    "collidesTiles": true,
    "collidesAir": true,
    "damage": 20,
    "splashDamageRadius": 24,
    "splashDamage": 55,
    "hitEffect": "instBomb",
    "shootEffect": "shootHealYellow",
    "lightning": 5,
    "lightningDamage": 10,
    "lightningLength": 4,
    "lightningCone": 360,
    "lightningLengthRand": 6,
    "height": 14,
    "width": 14,
    "speed": 4,
    "frontColor": "FFFFFFF",
    "backColor": "F3E979FF",
    "lifetime": 90
    }
  },
  {
  "name": "shock-artillery",
    "shootCone": 15,
    "mirror": true,
    "alternate": true,
    "x": 21,
    "y": 4,
    "reload": 60,
    "recoil": 3,
    "ejectEffect": "casing2",
    "shootSound": "artillery",
    "shake": 2,
    "bullet": {
    "keepVelocity": false,
    "type": "artilleryBulletType",
    "collides": true,
    "collidesTiles": true,
    "collidesAir": true,
    "splashDamageRadius": 24,
    "damage": 20,
    "splashDamage": 55,
    "hitEffect": "instBomb",
    "shootEffect": "shootHealYellow",
    "lightning": 5,
    "lightningDamage": 10,
    "lightningLength": 4,
    "lightningCone": 360,
    "lightningLengthRand": 6,
    "height": 14,
    "width": 14,
    "speed": 4,
      "frontColor": "FFFFFFF",
    "backColor": "F3E979FF",
    "lifetime": 90
    }
  },
  {
    "name": "alpha-rocket",
    "shootCone": 25,
    "alternate": false,
    "mirror": false,
    "top": true,
    "recoil": 3,
    "shootY": 2,
    "inaccuracy": 7,
    "xRand": 8,
  "reload": 12,
"shoot": {
"type": "ShootAlternate",
"shots": 1,
"barrels": 3,
 "spread": 3
},
    "shootSound": "missile",
    "velocityRnd": 0.4,
    "bullet": {
    "type": "MissileBulletType",
    "shootEffect": "shootHealYellow",
    "hitEffect": "blastExplosion",
    "despawnHit": true,   
    "damage": 45,
    "speed": 5,
    "keepVelocity": true,
	"frontColor": "FFFFFFF",
    "backColor": "F3E979FF",
    "trailColor": "ECD36FFF",
    "lifetime": 90,
  	"homingPower": 1,
	"homingRange": 100,
	"weaveScale": 5,			
	"weaveMag": 2,
    "height": 8,
    "width": 8,
	"splashDamageRadius": 30,
	"splashDamage": 30,			
    "lightning": 4,
    "lightningDamage": 10,
    "lightningLength": 4,
    "lightningCone": 360,
    "lightningLengthRand": 6
			}
		}
     ],
    "abilities": [
        {
            "type": "mindustry.entities.abilities.ForceFieldAbility",
            "radius": 50,
            "regen": 8,
            "max": 1600,
            "cooldown": 260
            }
        ]
}
