{
	"type": "LaserTurret",
	"size": 5,
	"health": 180,
	"reload": 130,
	"range": 285,
	"targetAir" : true, 
	"targetGround" : true,
	"shootCone": 40,
	"spread": 4,
         "consumes": {
          "power": 34
	"liquids": ["cryofluid/0.4"]
	},
    "coolantMultiplier": 1.0,
    "update": true,
    "hasPower": true,
    "shootEffect": "shootBigSmoke2",
    "shootShake": 4,
    "firingMoveFract": 0.5,
    "shootDuration": 360,
    "shootSound": "laserbig",
    "loopSound": "beam",
    "loopSoundVolume": 3.5,
	"recoilAmount" : 1.5,
	"rotateSpeed": 2,
      "shootType" : {
      "type": "ContinuousLaserBulletType",
      "damage": 200,
      "width": 11,
      "length": 290,
      "status": "melting",
      "statusDuration": 50,
      "oscScl": 2,
      "oscMag":	3,
      "hitEffect": {
      "type": "ParticleEffect",
      "particles": 6,
      "length": 30,
      "lifetime": 15,
      "line": true,
      "lenFrom": 8,
      "lenTo": 8,
      "strokeFrom": 2,
      "strokeTo": 0.5,
      "colorFrom": "ffb98b",
      "colorTo": "ffb98b50" 
      },
      "drawSize": 420,
      "incendChance": 10,
      "incendSpread": 7,
      "incendAmount": 4,
      "spaceMag": 40,
      "fragBullets": 1,
	 "fragBullet": {
        "type": "ShrapnelBulletType",
        "serrations": 1,
        "status": "melting",
        "length": 12,
        "width": 17,
        "toColor": "ffb98b",
        "damage": 60
   }
	},

	"requirements": [
	    "titanium/600",
        "surge-alloy/700",
        "copper/1000",
        "silicon/700",
        "jupiteium/540"
	],
	"category": "turret",
	"research": "meltdown"
}
