{
	"type": "ItemTurret",
	"size": 8,
	"health": 8660,
	"maxAmmo": 20,
	"ammoPerShot" : 20,
	"reload": 500,
	"range": 1000,
	"shootLength": 8,
	"coolantUsage": 3,
	"ammoUseEffect": "casing3Double",
	"coolantMultiplier": 0.5,
	"targetAir" : true, 
	"targetGround" : true, 
	"recoilAmount" : 6,
	"shootShake" : 6,
	"inaccuracy": 0,
	"restitution" : 0.009,
	"cooldown": 0.009,
	"rotateSpeed": 1,
	"shootSound" : "railgun",

	"ammoTypes":	{
	"surge-alloy": {
	"type" : "pointBulletType",
	"damage": 6000,
	"shootEffect": "instShoot",
	"status": "exogenesis-surge-charge",
	"statusDuration": 100,
	"lightning": 8,
	"lightningLength": 17,
	"lightningDamage": 250,
	"hitEffect": {
	"type": "multiEffect",
    "effects": [
    {
    "type": "ParticleEffect",
    "lightOpacity": 0,
    "particles": 10,
    "length": 50,
    "lifetime": 50,
    "interp": "circleOut",
    "sizeInterp": "pow5In",
    "sizeFrom": 5,
    "sizeTo": 0,
    "colorFrom": "F3E979FF",
    "colorTo": "F3E979d8"
    },
    {
    "type": "ParticleEffect",
    "lightOpacity": 0,
    "particles": 10,
    "length": 40,
    "lifetime": 40,
    "interp": "circleOut",
    "sizeInterp": "pow5In",
    "sizeFrom": 3,
    "sizeTo": 0,
    "colorFrom": "F3E979FF",
    "colorTo": "F3E979d8"
    },
    { 
    "type": "ParticleEffect",
    "lightOpacity": 0,
    "particles": 10,
    "length": 30,
    "lifetime": 30,
    "interp": "circleOut",
    "sizeInterp": "pow5In",
    "sizeFrom": 2.5,
    "sizeTo": 0,
    "colorFrom": "F3E979FF",
    "colorTo": "F3E979d8"
    },
    { 
    "type": "ParticleEffect",
    "line": true,
    "particles": 15,
    "offset": 20,
    "lifetime": 30,
    "length": 100,
    "baseLength": -15,
    "cone": -360,
    "lenFrom": 10,
    "lenTo": 10,
    "colorFrom": "F3E979FF",
    "colorTo": "D99F6BFF"
    },
    {
    "type": "WaveEffect",
    "lifetime": 25,
    "sizeFrom": 0,
    "sizeTo": 75,
    "strokeFrom": 4,
    "strokeTo": 0,
    "lightColor": "F3E979FF",
    "colorFrom": "F3E979FF",
    "colorTo": "D99F6BFF"
    },
    {
    "type": "ParticleEffect",
    "particles": 1,
    "sizeFrom": 35,
    "sizeTo": 0,
    "length": 0,
    "interp": "swingIn",
    "lifetime": 25,
    "region": "exogenesis-star",
    "lightColor": "F3E979FF",
    "colorFrom": "F3E979FF",
    "colorTo": "F3E979FF"
    },
    {
    "type": "ParticleEffect",
    "particles": 1,
    "sizeFrom": 12,
    "sizeTo": 0,
    "length": 0,
    "interp": "swingIn",
    "lifetime": 25,
    "region": "exogenesis-star",
    "lightColor": "F3E979FF",
    "colorFrom": "FFFFFFF",
    "colorTo": "FFFFFFF"
    }
    ]
	},
	"speed": 1000,
	"hitShake": 7,
	"trailSpacing": 30,
	"colorFrom": "F3E979FF",
    "colorTo": "D99F6BFF",
	"hitColor": "F3E979FF",
	"trailEffect": { 
    "type": "ParticleEffect",
    "particles": 1,
    "length": 0,
    "lifetime": 35,
    "sizeFrom": 45,
    "region": "exogenesis-wide",
    "colorFrom": "F3E979FF",
    "colorTo": "D99F6BFF"
	},
	"despawnEffect": "none",
	"splashDamageRadius": 1,
	"buildingDamageMultiplier": 0.50
	},
	"phase-fabric": {
	"type" : "pointBulletType",
	"damage": 10000,
    "shootEffect": {
    "type": "multiEffect",
    "effects": [
    {
    "type": "ParticleEffect",
    "lightOpacity": 0,
    "particles": 10,
    "length": 50,
    "lifetime": 40,
    "cone": 30,
    "interp": "circleOut",
    "sizeInterp": "pow5In",
    "sizeFrom": 5,
    "sizeTo": 0,
    "colorFrom": "FFD59EFF",
    "colorTo": "F19583d8"
    },
    {
    "type": "ParticleEffect",
    "lightOpacity": 0,
    "particles": 10,
    "length": 40,
    "lifetime": 30,
    "cone": 30,
    "interp": "circleOut",
    "sizeInterp": "pow5In",
    "sizeFrom": 3,
    "sizeTo": 0,
    "colorFrom": "FFD59EFF",
    "colorTo": "F19583d8"
    },
    { 
    "type": "ParticleEffect",
    "lightOpacity": 0,
    "particles": 10,
    "length": 30,
    "lifetime": 20,
    "cone": 30,
    "interp": "circleOut",
    "sizeInterp": "pow5In",
    "sizeFrom": 2.5,
    "sizeTo": 0,
    "colorFrom": "FFD59EFF",
    "colorTo": "F19583d8"
    },
    { 
    "type": "ParticleEffect",
    "line": true,
    "particles": 15,
    "offset": 20,
    "lifetime": 30,
    "length": 100,
    "baseLength": -15,
    "cone": -60,
    "lenFrom": 10,
    "lenTo": 10,
    "colorFrom": "FFD59EFF",
    "colorTo": "F19583FF"
    },
    {
    "type": "ParticleEffect",
    "particles": 1,
    "lifetime": 35,
    "length": 0,
    "interp": "swingIn",
    "region": "exogenesis-tall",
    "sizeFrom": 46,
    "sizeTo": 0,
    "colorFrom": "FFD59EFF",
    "colorTo": "F19583FF"
    },
    {
    "type": "ParticleEffect",
    "particles": 1,
    "length": 0,
    "lifetime": 35,
    "interp": "swingIn",
    "region": "exogenesis-spikething",
    "offsetX": 10,
    "sizeFrom": 30,
    "sizeTo": 1,
    "colorFrom": "FFD59EFF",
    "colorTo": "F19583FF"
    }
    ]
    },
	"hitEffect": {
	"type": "multiEffect",
    "effects": [
    {
    "type": "ParticleEffect",
    "lightOpacity": 0,
    "particles": 10,
    "length": 50,
    "lifetime": 50,
    "interp": "circleOut",
    "sizeInterp": "pow5In",
    "sizeFrom": 5,
    "sizeTo": 0,
    "colorFrom": "FFD59EFF",
    "colorTo": "F19583d8"
    },
    {
    "type": "ParticleEffect",
    "lightOpacity": 0,
    "particles": 10,
    "length": 40,
    "lifetime": 40,
    "interp": "circleOut",
    "sizeInterp": "pow5In",
    "sizeFrom": 3,
    "sizeTo": 0,
    "colorFrom": "FFD59EFF",
    "colorTo": "F19583d8"
    },
    { 
    "type": "ParticleEffect",
    "lightOpacity": 0,
    "particles": 10,
    "length": 30,
    "lifetime": 30,
    "interp": "circleOut",
    "sizeInterp": "pow5In",
    "sizeFrom": 2.5,
    "sizeTo": 0,
    "colorFrom": "FFD59EFF",
    "colorTo": "F19583d8"
    },
    { 
    "type": "ParticleEffect",
    "line": true,
    "particles": 15,
    "offset": 20,
    "lifetime": 30,
    "length": 100,
    "baseLength": -15,
    "cone": -360,
    "lenFrom": 10,
    "lenTo": 10,
    "colorFrom": "FFD59EFF",
    "colorTo": "F19583FF"
    },
    {
    "type": "WaveEffect",
    "lifetime": 25,
    "sizeFrom": 0,
    "sizeTo": 75,
    "strokeFrom": 4,
    "strokeTo": 0,
    "lightColor": "FFD59EFF",
    "colorFrom": "FFD59EFF",
    "colorTo": "F19583FF"
    },
    {
    "type": "ParticleEffect",
    "particles": 1,
    "sizeFrom": 40,
    "sizeTo": 0,
    "length": 0,
    "interp": "swingIn",
    "lifetime": 35,
    "region": "exogenesis-star",
    "lightColor": "F19583FF",
    "colorFrom": "F19583FF",
    "colorTo": "F19583FF"
    },
    {
    "type": "ParticleEffect",
    "particles": 1,
    "sizeFrom": 20,
    "sizeTo": 0,
    "length": 0,
    "interp": "swingIn",
    "lifetime": 35,
    "region": "exogenesis-star",
    "lightColor": "FFD59EFF",
    "colorFrom": "FFD59EFF",
    "colorTo": "FFD59EFF"
    }
    ]
	},
	"despawnEffect": "none",
	"splashDamageRadius": 1,
	"speed": 1000,
	"hitShake": 7,
	"trailSpacing": 30,
	"frontColor":"FFD59EFF" ,
	"backColor": "F19583FF",
	"hitColor": "F3E979FF",
	"trailEffect": { 
    "type": "ParticleEffect",
    "particles": 1,
    "length": 0,
    "lifetime": 35,
    "sizeFrom": 45,
    "region": "exogenesis-wide",
    "colorFrom": "FFD59EFF",
    "colorTo": "F19583FF"
	},
	"fragBullets": 1,
	"fragBullet": {
	"buildingDamageMultiplier": 0.50,
	"instantDisappear": true,
    "type": "EmpBulletType",
    "lightOpacity": 0,
    "splashDamage": 400,
    "splashDamageRadius": 120,
    "hitColor": "FFD59EFF",
    "radius": 120,
    "hitPowerEffect": {
    "type": "ParticleEffect",
    "line": true,
    "particles": 10,
    "lifetime": 22,
    "length": 80,
    "cone": -360,
    "lenFrom": 15,
    "lenTo": 15,
    "colorFrom": "FFD59EFF",
    "colorTo": "F19583FF"
    },
    "timeIncrease": 14.5,
    "powerDamageScl": 5.5,
    "powerSclDecrease": 0.55,
    "unitDamageScl": 1.2,
    "status": "slow",
    "statusDuration": 100,
    "width": 0.01,
    "height": 0.01
	}
		}
	},
	"consumes" : {
		"power": 70
			},
	"requirements": [
		"titanium/1750",
        "thorium/2400",
        "voltirium-alloy/1500",
        "plastanium/2650",
        "copper/4950",
        "surge-alloy/3000",
		"silicon/2000"
	],
	"category": "turret",
	"research": "foreshadow"
}
