{
	"type": "PowerTurret",
	"size": 5,
	"health": 3180,
	"reload": 25,
	"range": 300,
  "recoilAmount": 0,
	"targetAir" : true, 
	"targetGround" : true,
	"shootCone" : 25,
	"restitution" : 0.04, 
	"rotateSpeed": 3,
	"shootSound" : "laser",
	"shootEffect": {
	"type": "multiEffect",
    "effects": [
    {
    "type": "ParticleEffect",
    "particles": 1,
    "sizeFrom": 28,
    "sizeTo": 0,
    "length": 0,
    "interp": "swingIn",
    "offsetX": 14,
    "region": "exogenesis-wide",
    "lifetime": 20,
    "colorFrom": "BF92F950",
    "colorTo": "BF92F950"
    },
    {
    "type": "ParticleEffect",
    "particles": 1,
    "sizeFrom": 18,
    "sizeTo": 0,
    "length": 0,
    "interp": "swingIn",
    "offsetX": 14,
    "region": "exogenesis-wide",
    "lifetime": 20,
    "colorFrom": "BF92F9FF",
    "colorTo": "BF92F9FF"
    },
    {
    "type": "ParticleEffect",
    "particles": 1,
    "sizeFrom": 12,
    "sizeTo": 0,
    "interp": "swingIn",
    "offsetX": 14,
    "region": "exogenesis-wide",
    "length": 0,
    "lifetime": 20,
    "colorFrom": "FFFFFFF",
    "colorTo": "FFFFFFF" 
    },
    {
    "type": "ParticleEffect",
    "particles": 1,
    "sizeFrom": 10,
    "sizeTo": 0,
    "length": 0,
    "interp": "swingIn",
    "lifetime": 20,
    "colorFrom": "BF92F950",
    "colorTo": "BF92F950"
    },
    {
    "type": "ParticleEffect",
    "particles": 1,
    "sizeFrom": 7,
    "sizeTo": 0,
    "length": 0,
    "interp": "swingIn",
    "lifetime": 20,
    "layer": 109,
    "colorFrom": "BF92F9FF",
    "colorTo": "BF92F9FF"
    },
    {
    "type": "ParticleEffect",
    "particles": 1,
    "sizeFrom": 3,
    "sizeTo": 0,
    "interp": "swingIn",
    "length": 0,
    "lifetime": 20,
    "colorFrom": "FFFFFFF",
    "colorTo": "FFFFFFF" 
    }
    ]
	},
     "consumes": {
     "power": 28
     },
    "hasPower" : true,
    "shootType" : {
	"type" : "pointBulletType",
	"damage": 0,
	"speed": 300,
	"trailEffect": "none",
	"despawnEffect": "none",
	"hitEffect": "none",
	"fragBullets": 10,
	"fragBullet": {
    "speed": 6,
    "height": 0.1,
    "width": 0.1,
    "lifetime": 30,
    "collidesAir": false,
    "collidesTiles": false,
    "collidesGround": false,
    "despawnEffect": {
    "type": "WaveEffect",
    "lifetime": 20,
    "sizeFrom": 0,
    "sizeTo": 30,
    "strokeFrom": 2,
    "strokeTo": 0,
    "colorFrom": "BF92F9FF",
    "colorTo": "665C9Fff" 
    },
    "fragBullets": 1,
    "fragRandomSpread": 1, 
	"fragVelocityMin": 1,
	"fragBullet": {
	"type" : "basicBulletType",
	"sprite" : "exogenesis-peircer",
	"status": "sapped",
	"damage": 120,
	"height" : 17,
	"width" : 12,
	"speed": -5,
	"lifetime" : 30,
	"pierceBuilding": true,
	"pierceCap": 7,
	"hitEffect": {
    "type": "ParticleEffect",
    "particles": 6,
    "length": 70,
    "lifetime": 15,
    "line": true,
    "cone": 40,
    "lenFrom": 9,
    "lenTo": 9,
    "strokeFrom": 3,
    "strokeTo": 0.5,
    "colorFrom": "BF92F9FF",
    "colorTo": "665C9Fff" 
	},
	"despawnEffect": {
    "type": "ParticleEffect",
    "particles": 6,
    "length": 70,
    "lifetime": 15,
    "line": true,
    "cone": 40,
    "lenFrom": 9,
    "lenTo": 9,
    "strokeFrom": 3,
    "strokeTo": 0.5,
    "colorFrom": "BF92F9FF",
    "colorTo": "665C9Fff" 
	},
	"pierce": true,
	"trailParam": 5,
	"trailLength": 19,
    "trailWidth": 2,
	"trailColor": "BF92F9FF",
    "backColor": "BF92F9FF",
    "frontColor": "ffffff"
	}
	}
	},
	"requirements": [
        "copper/750",
        "titanium/500",
        "xanium/460",
        "xytranite/700",
        "silicon/800"
	],
	"category": "turret",
	"research": "1-sight"
}
