{
	"type": "PowerTurret",
	"size": 8,
	"health": 8660,
	"range": 500,
	"reload" : 230,
	"inaccuracy": 2,
	"shots" : 1,
	"hasPower": true,
        "consumes": {
	"power": 160
	},
	"targetAir" : true, 
	"targetGround" : true,
	"recoilAmount" : 6,
	"restitution" : 0.08, 
	"rotateSpeed": 1.0,
	"shootShake" : 10,
	"shootSound": "bigLaserShoot",
	"shootType": {
	"type": "BasicBulletType",
    "sprite": "circle-bullet",
    "lightRadius": 80,
    "lightColor": "BF92F9FF",
    "status": "exogenesis-nuclear-toxicity",
    "statusDuration": 100,
    "speed": 6,
    "hitSound": "plasmaboom",
    "lifetime": 110,
    "damage": 500,
    "shrinkX": 0,
    "shrinkY": 0,
    "scaleVelocity": true,
    "splashDamage": 2750,
    "splashDamageRadius": 80,
    "height": 25,
    "width": 25,	
    "trailColor": "BF92F9FF",
    "trailLength": 10,
    "trailWidth": 4.5,
    "ammoMultiplier": 4,
    "frontColor": "000000FF",
    "backColor": "BF92F9FF",
    "shootEffect": "shootBig",
    "hitEffect": {
    "type": "multiEffect",
    "layer": "110.001",
    "effects": [
    {
    "type": "ParticleEffect",
    "particles": 10,
    "offset": 100,
    "sizeFrom": 0,
    "sizeTo": 8,
    "length": 100,
    "baseLength": -100,
    "interp": "pow3In",
    "sizeInterp": "pow5Out",
    "lifetime": 40,
    "colorFrom": "BF92F900",
    "colorTo": "BF92F9FF"
    },
    {
    "type": "ParticleEffect",
    "particles": 10,
    "offset": 100,
    "sizeFrom": 1,
    "sizeTo": 3,
    "length": 150,
    "baseLength": -150,
    "interp": "pow3In",
    "sizeInterp": "pow5Out",
    "lifetime": 50,
    "colorFrom": "BF92F900",
    "colorTo": "BF92F9FF"
    },
    {
    "type": "ParticleEffect",
    "particles": 10,
    "offset": 100,
    "sizeFrom": 1,
    "sizeTo": 3,
    "length": 200,
    "baseLength": -200,
    "interp": "pow3In",
    "sizeInterp": "pow5Out",
    "lifetime": 60,
    "colorFrom": "BF92F900",
    "colorTo": "BF92F9FF"
    },
    {
    "type": "ParticleEffect",
    "particles": 10,
    "offset": 100,
    "sizeFrom": 1,
    "sizeTo": 3,
    "length": 250,
    "baseLength": -250,
    "interp": "pow3In",
    "sizeInterp": "pow5Out",
    "lifetime": 70,
    "colorFrom": "BF92F900",
    "colorTo": "BF92F9FF"
    },
    {
    "type": "ParticleEffect",
    "particles": 10,
    "offset": 100,
    "sizeFrom": 1,
    "sizeTo": 3,
    "length": 300,
    "baseLength": -300,
    "interp": "pow3In",
    "sizeInterp": "pow5Out",
    "lifetime": 80,
    "colorFrom": "BF92F900",
    "colorTo": "BF92F9FF"
    },
    {
    "type": "ParticleEffect",
    "particles": 45,
    "offset": 100,
    "sizeFrom": 1,
    "sizeTo": 3,
    "length": 350,
    "baseLength": -350,
    "interp": "pow3In",
    "sizeInterp": "pow5Out",
    "lifetime": 90,
    "colorFrom": "BF92F900",
    "colorTo": "BF92F9FF"
    },
    {
    "type": "ParticleEffect",
    "particles": 1,
    "sizeFrom": 30,
    "sizeTo": 0,
    "length": 0,
    "interp": "swingIn",
    "lifetime": 90,
    "layer": 109,
    "colorFrom": "BF92F990",
    "colorTo": "BF92F990"
    },
    {
    "type": "ParticleEffect",
    "particles": 1,
    "sizeFrom": 20,
    "sizeTo": 0,
    "length": 0,
    "interp": "swingIn",
    "lifetime": 90,
    "layer": 109,
    "colorFrom": "BF92F9FF",
    "colorTo": "BF92F9FF"
    },
    {
    "type": "ParticleEffect",
    "particles": 1,
    "sizeFrom": 12,
    "sizeTo": 0,
    "interp": "swingIn",
    "length": 0,
    "lifetime": 90,
    "colorFrom": "000000FF",
    "colorTo": "000000FF" 
    }
    ]
    },
    "despawnEffect": "none",
    "lightning": 1,
    "lightningLength": 2,
    "lightningType": {
    "type": "BulletType",
    "collides": false,
    "hittable": false,
    "absorbable": false,
    "speed": 0,
    "lifetime": 1,
    "hitEffect": "none",
    "fragBullets": 110,
    "fragLifeMin": 0.01,
    "fragBullet": {
    "type": "BulletType",
    "speed": 0,
    "damage": 0,
    "lifetime": 80,
    "collides": false,
    "absorbable": false,
    "hittable": false,
    "lightning": 1,
    "lightningDamage": 100,
    "lightningLength": 9,
    "lightningLengthRand": 17,
    "lightningColor": "BF92F9FF",
    "splashDamage": 50, 
    "splashDamageRadius": 80,
    "knockback": -5,
    "lightRadius": 0,
    "hitEffect": "none",
    "keepVelocity": false,
    "despawnEffect": "none",
    "fragBullets": 25,
    "fragBullet": {
    "type": "SapBulletType",
    "damage": 0,
    "knockback": -5,
    "lifetime": 0,
    "pierce": true,
    "length": 140,
    "width": 0,
    "lightColor": "00000000",
    "hitEffect": "none",
    "status": "none",
    "statusDuration": 100
    }
    }
    }
	},
	"requirements": [
        "silicon/2000",
        "plastanium/2000",
        "thorium/2000",
        "xanium/3000",
        "voltirium-alloy/1500",
        "xytranite/3000"
	],
	"category": "turret",
	"research": "1-seeker"
}
