{
    "type": "ItemTurret",
    "researchCostMultiplier": 0.4,
    "size": 3,
    "health": 900,
    "maxAmmo": 100,
    "ammoPerShot": 10,
    "reload": 220,
    "range": 460,
    "targetAir": true,
    "targetGround": true,
    "rotateSpeed": 4,
    "recoilAmount": 7,
    "restitution": 0.2,
    "shootSound": "railgun",
    "ammoUseEffect": "casing3",
    "ammoTypes": {
        "titanium": {
            "type": "pointBulletType",
            "status": "melting",
            "damage": 200,
            "speed": 460,
            "ammoMultiplier": 3,
            "pierce": true,
            "collidesTiles": true,
            "trailEffect": "instTrail",
			"trailSpacing": 20,
            "hitEffect": "instBomb",
            "smokeEffect": "shootBig2"
        },
        "thorium": {
            "type": "pointBulletType",
            "damage": 320,
            "speed": 460,
            "ammoMultiplier": 1,
            "pierce": true,
            "collidesTiles": true,
            "trailEffect": "instTrail",
			"trailSpacing": 20,
            "hitEffect": "instBomb",
            "smokeEffect": "shootBig2"
        }
    },
    "consumes": {
        "power": 5
    },
    "requirements": [
		{ "item": "plastanium", "amount": 200 },
		{ "item": "silicon", "amount": 520 },
		{ "item": "metaglass", "amount": 370 },
		{ "item": "titanium", "amount": 400 }
    ],
    "category": "turret",
    "research": "w-enforcer"
}
