{
"type": "legs",
"mineSpeed": 6,
"buildSpeed": 2,
"mineTier": 5,
"itemCapacity": 100,
"armor": 6,
"hitSize": 23,
"rotateSpeed": 3,
"outlineColor": "313131FF",
"legBaseOffset": 13,
"legCount": 6,

"legForwardScl": 0.8,
"legExtension": -4,
"legStraightness": 0.3,
"legPhysicsLayer": false,
"legContinuousMove": true,
"lockLegBase": true,
"rippleScale": 0.2,
"legBaseOffset": 6,
"legMoveSpace": 1.4,
"legLength": 13.5, 

"allowLegStep": true,
"hovering": true,
"speed": 0.96,
"flying": false,
"health": 1700,
"range": 120,
"parts": [
         {
         "type": "RegionPart",
          "suffix": "-plate",
          "moveX": 4,
          "layerOffset": -0.001,
          "moveY": 3.7,
          "mirror": true,
          "progress": "warmup",
},
  {
         "type": "RegionPart",
          "suffix": "-plate2",
          "moveY": -2.5,
          "moveX": 2,
          "layerOffset": -0.001,
          "mirror": true,
          "progress": "warmup",
}
],
"groundLayer": 60,
"immunities": [
"burning"
],
"weapons": [
  {
  "name": "helios-blaster",
   "shootCone": 15,
    "mirror": true,
    "alternate": true,
    "top": false, 
    "layerOffset": -0.001,
    "x": -10,
    "y": 0.4,
    "shootY": 6,
    "reload": 38,
    "recoil": 2,
    "shoot": { 
    "type": "shootSpread",
    "spread": 3,
    "shots": 4
    },
    "shootSound": "blaster",
    "bullet": { 
    "type": "basicBulletType",
    "sprite": "missile",
    "shootEffect": "shootBig",
    "hitEffect": "blastExplosion",
    "lifetime": 30,
    "shrinkY": 0,
    "shrinkX": 0,
    "damage": 25,
    "homingPower": 0.0678,
    "homingRange": 40,
    "homingDelay": 5,
    "buildingDamageMultiplier": 0.15,
    "status": "melting",
    "statusDuration": 80,
    "speed": 5.6,
    "weaveScale": 2,			
     "weaveMag": 1,
    "width": 8,
    "height": 12,
    "trailColor": "FF8D54FF",
    "frontColor": "FFFFFFFF",
    "backColor": "FF8D54FF"
  }
  }
  ],
    "abilities": [
          {
    "type": "ArmorPlateAbility",
    "healthMultiplier": 1,
    "z": 59
    }
    ]
}
