{
    "type": "legs",
	"speed": 1.8,
	"outlineColor": "414452FF",
	"hitSize": 28,
	"health": 1160,
    "mineSpeed": 12,
    "buildSpeed": 5.6,
    "mineTier": 4,
    "itemCapacity": 110,
	"armor": 8,
	"faceTarget": true,
	"range": 180,
	"flying": false,
	"rotateSpeed": 3,
    "legBaseOffset": 13,
    
	"legCount": 6,
    "legMoveSpace": 1,
    "legLength": 21,
    "legExtension": -10,
    "legSpeed": 0.2,
    "legLengthScl": 0.96,
    "rippleScale": 0.7,
  "legContinuousMove": true,
    "legSplashDamage": 22,
    "legSplashRange": 30,
	
	"allowLegStep": true,
	"hovering": true,
"parts": [
         {
         "type": "FlarePart",
          "color2": "FFFFFF",
          "color1": "A9D8FFFF",
          "y": 18,
          "followRotation": true,
          "stroke": 3,
          "radius": 12
         }
],
	"immunities": [
		"burning", 
		"overclock",
		"melting",
		"freezing"
	],
	"weapons": [
	    {
  "name": "cold-plasma-shotgun",
  "x": 11,
  "y": 0,
  "reload": 60,
  "top": true,
  "rotate": true,
  "shootY": 6,
  "rotateSpeed": 4,
  "recoil": 2,
  "inaccuracy": 10,
"shoot": {
"type": "shootPattern",
    "shots": 4,
    "shotDelay": 3
},
  "shootSound": "shoot",
  "bullet": {
  "type": "basicBulletType",
  "hitEffect": {
  "type": "ParticleEffect",
  "line": true,
  "particles": 6,
  "lifetime": 26,
  "length": 35,
  "cone": -40,
  "lenFrom": 6,
  "lenTo": 6,
  "colorFrom": "A9D8FFFF",
  "colorTo": "66B1FFFF"    
  },
  "despawnEffect": {
  "type": "ParticleEffect",
  "line": true,
  "particles": 6,
  "lifetime": 26,
  "length": 35,
  "cone": -360,
  "lenFrom": 5,
  "lenTo": 5,
  "colorFrom": "A9D8FFFF",
  "colorTo": "66B1FFFF"        
  },
  "shootEffect": {
  "type": "ParticleEffect",
  "particles": 1,
  "length": 0,
  "lifetime": 25,
  "interp": "swingIn",
  "region": "exogenesis-spikething",
  "offsetX": 3,
  "sizeFrom": 10,
  "sizeTo": 1,
  "colorFrom": "A9D8FFFF",
  "colorTo": "66B1FFFF"
  },
  "homingPower": 0.07,
  "homingRange": 60,
  "homingDelay": 8,
  "trailColor": "66B1FFFF",
  "trailLength": 8,
  "trailWidth": 2,
  "buildingDamageMultiplier": 0.20,
  "lifetime": 40,
  "damage": 40,
  "statusDuration": 90,
  "status": "freezing",
  "speed": 6,
  "width": 9,
  "height": 10,
  "backColor": "66B1FFFF",
  "frontColor": "A9D8FFFF"
	}
	}
    ],
    "abilities": [
    {
     "type": "mindustry.entities.abilities.StatusFieldAbility",
      "effect": "overclock",
      "parentizeEffects": true,
      "effectY": 18,
      "activeEffect": "none",
      "range" : 100,
      "reload" : 5,
      "duration" : 5
            },
            {
            "type": "mindustry.entities.abilities.ForceFieldAbility",
            "radius": 35,
            "regen": 3,
            "max": 450,
            "cooldown": 60
            }
        ]
}
