{
        "lightRadius": "100",
        "lightColor": "f3e979",
        "speed": 5.5,
        "mineSpeed": 16,
        "buildSpeed": 5.5,
        "mineTier": 6,
        "itemCapacity": 150,
        "accel": 0.06,
        "drag": 0.04,
        "flying": true,
        "outlineColor": "222222",
        "circleTarget": true,
        "health": 1850,
        "hitSize": 33,
        "armor": 9,
        "engineColor": "F3E979FF",
        "engineOffset": 9,
        "engineSize": 6,
        "lowAltitude": true,
        "range": 170,
        "targetAir": true,
	   "immunities": [
		"shocked", 
		"electrified", 
		"melting",
		"slow"
	    ],
	    "weapons": [
	   {
    "name": "surge-torrent",
    "reload": 38,
    "top": true,
    "alternate": true,
    "mirror": true,
    "x": 9,
    "y": 3.6,
    "shootY": 5,
    "cooldownTime": 38,
    "heatColor": "f3e979",
    "recoil": 1.5,
    "shake": 1,
    "rotateSpeed": 5,
    "rotate": true,
    "shots": 6,
   "shoot": {
  "shots": 6,
  },
    "shootSound": "shotgun",
    "shootCone": 25,
	"bullet": {
    "type": "LightningBulletType",
    "shootEffect": "shootHealYellow",
    "status": "shocked",
    "statusDuration": 80,
    "lightColor": "F3E979FF",
	"lightningColor": "F3E979FF",
	"lightningCone": 20,
	"damage": 60,
	"lightningLengthRand": 20,
    "lightningLength": 10
			}
	   },
	   {
    "name": "voltage-missile-launcher",
    "shootCone": 25,
    "alternate": true,
    "mirror": true,
    "top": true,
    "x": 13,
    "y": -3.5,
    "reload": 78,
    "recoil": 3,
    "rotateSpeed": 5,
    "rotate": true,
    "shootY": 8,
    "inaccuracy": 7,
    "shoot": {
  "type": "shootPattern",
  "shots": 5,
  "shotDelay": 3
  },
    "shootSound": "missile",
    "velocityRnd": 0.4,
    "bullet": {
    "keepVelocity": false,
    "type": "MissileBulletType",
    "shootEffect": "shootHealYellow",
    "damage": 200,
    "speed": 5,
    "lightColor": "F3E979FF",
	"frontColor": "FFFFFFF",
    "backColor": "F3E979FF",
    "trailColor": "F3E979FF",
    "lifetime": 90,
  	"homingPower": 0.0768,
	"homingRange": 100,
	"weaveScale": 4,			
	"weaveMag": 3,
    "height": 20,
    "width": 9,
	"splashDamageRadius": 10,
	"splashDamage": 40,			
    "lightning": 4,
    "lightningDamage": 34,
    "lightningLength": 4,
    "lightningCone": 360,
    "lightningLengthRand": 8
    }
    },
    {
    "name": "emp orb",
    "mirror": false,
    "x": 0,
    "y": 0,
    "shootY": 14,
    "reload": 200,
  
    "shootStatusDuration": 90,
    "shoot": {
     "firstShotDelay": 80,
     },
    "shootSound": "laser",
    "parentizeEffects": true,
    "bullet": {
    "sprite": "circle-bullet",
    "shootEffect": {
    "followParent": true,
    "rotWithParent": true,
    "type": "multiEffect",
    "lifetime": 80,
    "effects": [
    {
    "type": "ParticleEffect",
    "particles": 15,
    "offset": 100,
    "sizeFrom": 4,
    "sizeTo": 4,
    "length": 60,
    "baseLength": -60,
    "interp": "pow3In",
    "sizeInterp": "pow5Out",
    "lifetime": 80,
    "colorFrom": "F3E97900",
    "colorTo": "F3E979FF"
    },
    {
    "type": "ParticleEffect",
    "particles": 15,
    "offset": 100,
    "sizeFrom": 4,
    "sizeTo": 4,
    "length": 70,
    "baseLength": -70,
    "interp": "pow3In",
    "sizeInterp": "pow5Out",
    "lifetime": 70,
    "colorFrom": "F3E97900",
    "colorTo": "F3E979FF"
    },
    {
    "type": "ParticleEffect",
    "particles": 15,
    "offset": 100,
    "sizeFrom": 4,
    "sizeTo": 4,
    "length": 80,
    "baseLength": -80,
    "interp": "pow3In",
    "sizeInterp": "pow5Out",
    "lifetime": 60,
    "colorFrom": "F3E97900",
    "colorTo": "F3E979FF"
    },
    {
    "type": "ParticleEffect",
    "particles": 1,
    "sizeFrom": 0,
    "sizeTo": 9,
    "length": 0,
    "interp": "swingOut",
    "lifetime": 85,
    "colorFrom": "FFFFFFF",
    "colorTo": "FFFFFFF"
    },
    {
    "type": "ParticleEffect",
    "particles": 1,
    "sizeFrom": 0,
    "sizeTo": 14,
    "length": 0,
    "interp": "swingOut",
    "lifetime": 85,
    "colorFrom": "F3E979FF",
    "colorTo": "F3E979FF"
	}
    ]
    },
    "hitEffect": {
    "type": "ParticleEffect",
    "line": true,
    "particles": 6,
    "lifetime": 26,
    "length": 55,
    "cone": -40,
    "lenFrom": 8,
    "lenTo": 8,
    "colorFrom": "FFFFFFF",
    "colorTo": "F3E979FF"    
    },
    "despawnEffect": {
    "type": "ParticleEffect",
    "line": true,
    "particles": 6,
    "lifetime": 26,
    "length": 55,
    "cone": -40,
    "lenFrom": 8,
    "lenTo": 8,
    "colorFrom": "FFFFFFF",
    "colorTo": "F3E979FF"        
    },
    "hitPowerEffect": {
    "type": "ParticleEffect",
    "line": true,
    "particles": 6,
    "offset": 5,
    "lifetime": 12,
    "length": 35,
    "cone": -360,
    "lenFrom": 10,
    "lenTo": 0,
    "colorFrom": "FFFFFFF",
    "colorTo": "F3E979FF"
    },
    "width": 20,
    "height": 20,
    "pierce": true,
    "buildingDamageMultiplier": 0.15,
    "lightning": 4,
    "lightningDamage": 10,
    "lightningLength": 10,
    "lightningCone": 40,
    "lightningLengthRand": 8,
    "radius": 70,
    "trailColor": "F3E979FF",
    "trailLength": 9,
    "trailWidth": 3.5,
    "hitColor": "F3E979FF",
    "hitUnits": true,
    "unitDamageScl": 1.3,
    "timeIncrease": 1.5,
    "timeDuration": 50,
    "powerDamageScl": 3,
    "powerSclDecrease": 0.1,
    "type": "EmpBulletType",
    "shrinkX": 0,
    "shrinkY": 0,
    "damage": 270,
    "speed": 8,
    "frontColor": "FFFFFFF",
    "backColor": "F3E979FF",
    "lifetime": 50
			}
		}
     ],
    "abilities": [
        {
        "type": "mindustry.entities.abilities.ForceFieldAbility",
        "radius": 60,
        "regen": 6,
        "max": 2600,
        "cooldown": 260
        }
        ]
}
