{
"type": "Pump",
"localizedName": "Goliath Pump",
"description": "A monster of pump that can provide enough liquid to run whole colonies and systems. It can also be placed on deep liquid.",
"details": "It can pump you full owo", //excuse me what the h
"size": 8,
"health": 4000,
"hasPower": true,
"consumes": {
  "power": 20
},
"pumpAmount": 16,
"squareSprite": "false",
"placeableLiquid": "true",
"liquidCapacity": 80000,
"requirements": [
    "silicon/850",
    "titanium/570",
    "plastanium/750",
    "jupiteium/600",
    "surge-alloy/685",
    "metaglass/800"
],
"research": "thermal-pump",
"category": "liquid"
}
