{	
    "type": "GenericCrafter",
	 "researchCostMultiplier": 0.5,
		"drawer": {
	"type": "DrawMulti",
        "drawers": [
        {
        "type": "DrawDefault"
        },
        {
 "type": "DrawFlame",
	"flameColor": "F3E979FF"
	  }
    ]
    },
	"size": 3,
	"hasPower": true,
	"hasLiquids": false,
	"hasItems": true,
	"craftTime": 150,
	"itemCapacity": 30,
	"craftEffect": "instBomb",
	"updateEffect": "none",
	"consumes": {
		"power": 2,
		"items": {
			"items": [
			"titanium/3",
                        "copper/3",
			"oltuxium/5",
			"silicon/4"
			]
		}
	},
	"requirements": [
		{"item": "silicon", "amount": 160},
		{"item": "lead", "amount": 160},
		{"item": "thorium", "amount": 140},
		{"item": "titanium", "amount": 160},
		{"item": "oltuxium", "amount": 440}
	],
	"category": "crafting",
	"research": "alloy-smelter",
	"outputItem": {
		"item": "alpha-yellow",
		"amount": 2
	}
}
