{
  "type": "GenericCrafter",
  "health": 700,
  "size": 3,
  "hasItems": true,
  "craftTime": 40,
  "craftEffect": {
   "type": "multiEffect",
    "effects": [
    {
    "type": "ParticleEffect",
    "particles": 4,
    "length": 15,
    "lifetime": 15,
    "interp": "circleOut",
    "sizeInterp": "pow5In",
    "lightColor": "66B1FFFF",
    "colorFrom": "787878",
    "colorTo": "66B1FFFF",
    "sizeFrom": 4.5,
    "sizeTo": 0
	},
	{
    "type": "ParticleEffect",
    "particles": 3,
    "length": 20,
    "lifetime": 20,
    "interp": "circleOut",
    "sizeInterp": "pow5In",
    "lightColor": "66B1FFFF",
    "colorFrom": "787878",
    "colorTo": "66B1FFFF",
    "sizeFrom": 3.5,
    "sizeTo": 0
	},
	{
    "type": "ParticleEffect",
    "particles": 2,
    "length": 25,
    "lifetime": 30,
    "interp": "circleOut",
    "sizeInterp": "pow5In",
    "lightColor": "66B1FFFF",
    "colorFrom": "787878",
    "colorTo": "66B1FFFF",
    "sizeFrom": 2,
    "sizeTo": 0
    }
  ]
  },
 "drawer": {
   "type": "DrawMulti",
        "drawers": [
         {
        "type": "DrawDefault"
        },
        {
  "type": "DrawFlame",
  "flameColor": "A9D8FFFF"  
}
  ]
  },
  "hasPower": true,
  "hasLiquids": false,
  "updateEffect": "none",
  "ambientSound": "smelter",
  "ambientSoundVolume": 0.07,
  "consumes": {
  "power": 3,
  "items": {
    "items": [
      "astrolite/1",
      "titanium/2"
    ]
   }
  },
  "requirements": [
    "graphite/140",
    "lead/40",
    "astrolite/140",
    "silicon/80"
  ],
  "envRequired": 0,
  "category": "crafting",
  "research": "b-silicon-oven",
  "outputItems": [
  "silicon/1", 
  "stellar-steel/2"
  ]
}
