{	
    "type": "GenericCrafter",
	"size": 3,
	"hasPower": true,
	"hasItems": true,
	"liquidCapacity": 80,
	"itemCapacity": 20,
	"craftTime": 80,
	"craftEffect": "smokeCloud",
	"updateEffect": "none",
	"consumes": {
	"power": 1,
	"items": [
         "coal/2",
        "spore-pod/4",
        "pyratite/4"
	]
	},
	"requirements": [
        "thorium/200",
        "titanium/400",
        "silicon/330",
        "lead/300"
	],
	"category": "crafting",
	"research": "blast-mixer",
	"outputItem": "blast-compound/3"
}
 
