{	
	"type": "GenericCrafter",
        "drawer": {
	"type": "DrawMulti",
        "drawers": [
        {
        "type": "DrawRegion",
       "suffix": "-bottom"
	 },
        {
        "type": "DrawMultiWeave",
        "glowColor": "98ffa990"
        },
        {
        "type": "DrawDefault"
	}
        ]
        },
	"size": 5,
	"hasPower": true,
	"hasItems": true,
	"itemCapacity": 30,
	"craftTime": 80,
	"updateEffectChance": 0.03,
	"craftEffect": "healWave",
	"updateEffect": "greenCloud",
    "ambientSound": "techloop",
    "ambientSoundVolume": 0.4,
	"consumes": {
		"power": 6,
		"items": {
			"items": [
               "lead/3",
               "graphite/8",
               "titanium/5"
			]
		}
	},
	"requirements": [
    "silicon/450",
    "titanium/400",
    "plastanium/200",
    "thorium/300"
	],
	"category": "crafting",
	"research": "silicon-crucible",
	"outputItems": [
	"genvunite/1",  
	"silicon/3"   
   ]
}
