{	
    "type": "GenericCrafter",
       "drawer": {
         "type": "DrawMulti",
        "drawers": [
          {
        "type": "DrawDefualt"
        }
        {
	 "type": "DrawFlame"
	"flameColor": "DEFFCFFF"
       }
        ]
	},
	"size": 4,
	"hasPower": true,
	"hasLiquids": false,
	"hasItems": true,
	"itemCapacity": 80,
	"craftTime": 220,
	"craftEffect": "plasticburn",
	"updateEffect": "none",
	"consumes": {
		"power": 5,
		"items": {
			"items": [
                "titanium/3",
                "silicon/2",
                "plastanium/3"
			]
		}
	},
	"requirements": [
        "xanium/230",
        "plastanium/470",
        "titanium/400",
        "silicon/400",
        "metaglass/330"
	],
	"category": "crafting",
	"research": "plastanium-press",
	"outputItem": "xanium/7"
}
