{	
    "type": "GenericCrafter",
  "drawer": {
         "type": "DrawMulti",
        "drawers": [
          {
        "type": "DrawDefualt"
        }
        {
	 "type": "DrawFlame"
	"flameColor": "DEFFCFFF"
       }
        ]
	},
	"size": 3,
	"hasPower": true,
	"hasLiquids": false,
	"hasItems": true,
	"itemCapacity": 30,
	"craftTime": 120,
	"craftEffect": "heal",
	"updateEffect": "none",
	"consumes": {
		"power": 2,
		"items": {
			"items": [
				{"item": "silicon", "amount": 2},
				{"item": "plastanium", "amount": 3}
			]
		}
	},
	"requirements": [
		{"item": "silicon", "amount": 360},
		{"item": "lead", "amount": 380},
		{"item": "metaglass", "amount": 140},
		{"item": "titanium", "amount": 160},
		{"item": "plastanium", "amount": 300}
	],
	"category": "crafting",
	"research": "plastanium-compressor",
	"outputItem": {
		"item": "xanium",
		"amount": 4
	}
}
