{
    "research": "gamma-core",
    "type": "naval",
    "armor": 100,
    "targetAir": true,
    "lightRadius": 320,
    "range": 560,
    "maxRange": 560,
    "hitSize": 220,
    "health": 6000000,
    "speed": 0.5,
    "accel": 0.5,
    "drag": 0.5,
    "lightColor": "73FFAEFF",
    "outlineColor": "34353EFF",
    "naval": true,
    "outlineRadius": 4,
    "rotateSpeed": 0.5,
    "waveTrailX": 67.0,
    "waveTrailY": -89.0,
    "trailScl": 5.8,
    "trailLength": 150.0,
  	"immunities": [
    "tarred",
    "melting",
    "corroded",
    "freezing",
    "blasted",
    "slow",
    "burning",
    "wet",
 
    "muddy",
    "sapped", 
    "disarmed",
    "shocked",
    "electrified",
    "spore-slowed"
	],
	"weapons": [
	  {
    "type": "RepairBeamWeapon",  
    "mirror": true,
    "alternate": false,
    "rotateSpeed": 3,
    "name": "apotheosis-repairer",
    "x": 48,
    "y": 45,
    "shootY": 8,
    "reload": 1,
    "rotate": true,
    "shootSound": "laser",
    "laserColor": "73FFAEFF",
    "controllable": false,
    "autoTarget": true,
    "beamWidth": 0.9,
    "pulseRadius": 6,
    "pulseStroke": 2,
    "repairSpeed": 8.75,
	"bullet": {
	"shootEffect": {
    "type": "ParticleEffect",
    "line": true,
    "particles": 20,
    "offset": 35,
    "lifetime": 22,
    "length": 35,
    "cone": -360,
    "lenFrom": 5,
    "lenTo": 0,
    "colorFrom": "73FFAEFF",
    "colorTo": "57D993FF"   
    },
	"speed": 100,
	"maxRange": 300
	}
    },
    {
    "type": "RepairBeamWeapon",  
    "mirror": true,
    "alternate": false,
    "rotateSpeed": 3,
    "name": "apotheosis-repairer",
    "x": 64,
    "y": 20,
    "shootY": 8,
    "reload": 1,
    "rotate": true,
    "shootSound": "laser",
    "laserColor": "73FFAEFF",
    "controllable": false,
    "autoTarget": true,
    "beamWidth": 0.9,
    "pulseRadius": 6,
    "pulseStroke": 2,
    "repairSpeed": 8.75,
	"bullet": {
	"shootEffect": {
    "type": "ParticleEffect",
    "line": true,
    "particles": 20,
    "offset": 35,
    "lifetime": 22,
    "length": 35,
    "cone": -360,
    "lenFrom": 5,
    "lenTo": 0,
    "colorFrom": "73FFAEFF",
    "colorTo": "57D993FF"   
    },
	"speed": 100,
	"maxRange": 300
	}
    },
    {
	"type": "RepairBeamWeapon",  
    "mirror": true,
    "alternate": false,
    "rotateSpeed": 3,
    "name": "apotheosis-repairer",
    "x": 82,
    "y": 1,
    "shootY": 8,
    "reload": 1,
    "rotate": true,
    "shootSound": "laser",
    "laserColor": "73FFAEFF",
    "controllable": false,
    "autoTarget": true,
    "beamWidth": 0.9,
    "pulseRadius": 6,
    "pulseStroke": 2,
    "repairSpeed": 8.75,
	"bullet": {
	"shootEffect": {
    "type": "ParticleEffect",
    "line": true,
    "particles": 20,
    "offset": 35,
    "lifetime": 22,
    "length": 35,
    "cone": -360,
    "lenFrom": 5,
    "lenTo": 0,
    "colorFrom": "73FFAEFF",
    "colorTo": "57D993FF"   
    },
	"speed": 100,	
	"maxRange": 300
	}
    },
    {
    "type": "PointDefenseWeapon",
    "controllable": false,
    "autoTarget": true,
    "targetInterval": 15,
    "targetSwitchInterval": 15,
    "name": "e-point",
    "rotate": true,
    "shootY": 0,
    "reload": 2,
    "recoil": 1,
    "shootSound": "lasershoot",
    "bullet": {
    "hitEffect": {
    "type": "ParticleEffect",
    "line": true,
    "particles": 12,
    "offset": 35,
    "lifetime": 22,
    "length": 85,
    "baseLength": 15,
    "cone": -360,
    "lenFrom": 9,
    "lenTo": 0,
    "colorFrom": "FFFFFFF",
    "colorTo": "73FFAEFF"         
    },
    "smokeEffect": "none",
    "maxRange": 350,
    "damage": 50
    }
    },
    {
    "type": "PointDefenseWeapon",
    "controllable": false,
    "autoTarget": true,
    "targetInterval": 15,
    "targetSwitchInterval": 15,
    "name": "e-point",
    "rotate": true,
    "shootY": 0,
    "reload": 2,
    "recoil": 1,
    "shootSound": "lasershoot",
    "bullet": {
    "hitEffect": {
    "type": "ParticleEffect",
    "line": true,
    "particles": 12,
    "offset": 35,
    "lifetime": 22,
    "length": 85,
    "baseLength": 15,
    "cone": -360,
    "lenFrom": 9,
    "lenTo": 0,
    "colorFrom": "FFFFFFF",
    "colorTo": "73FFAEFF"         
    },
    "smokeEffect": "none",
    "maxRange": 350,
    "damage": 50
    }
    },
    {
    "name": "gauss-cannon",
    "mirror": false,
    "top": false,
    "x": 0,
    "y": 0,
    "shootY": 0,
    "reload": 365,
    "shootSound": "apoth-gauss",
    "rotateSpeed": 5,
    "rotate": true,
    "bullet": {
    "type": "basicBulletType",
    "damage": 75000,
    "splashDamage": 400,
    "splashDamageRadius": 40,
    "width": 35,
    "height": 35,
    "shootEffect": "none",
    "sprite": "exogenesis-gauss-bullet",
    "pierceCap": 5,
    "pierce": true,
    "pierceBuilding": true,
    "knockback": 8,
    "shrinkY": 0,
    "shrinkX": 0,
    "trailColor": "73FFAEFF",
    "trailParam": 5,
    "trailEffect": {
    "type": "multiEffect",
    "effects": [
    {
    "type": "WaveEffect",
    "lifetime": 15,
    "sizeFrom": 0,
    "sizeTo": 20,
    "sides": 3,
    "strokeFrom": 3,
    "strokeTo": 0,
    "lightColor": "73FFAEFF",
    "colorFrom": "73FFAEFF",
    "colorTo": "73FFAEFF"
    },
    {
    "type": "WaveEffect",
    "lifetime": 16,
    "sizeFrom": 0,
    "sizeTo": 30,
    "sides": 3,
    "strokeFrom": 3,
    "strokeTo": 0,
    "lightColor": "57D993FF",
    "colorFrom": "57D993FF",
    "colorTo": "57D993FF"
    },
    {
    "type": "WaveEffect",
    "lifetime": 17,
    "sizeFrom": 0,
    "sizeTo": 40,
    "sides": 3,
    "strokeFrom": 3,
    "strokeTo": 0,
    "lightColor": "50A385FF",
    "colorFrom": "50A385FF",
    "colorTo": "50A385FF"
    }
    ]
    },
    "hitEffect": {
    "type": "multiEffect",
    "effects": [
    {
    "type": "WaveEffect",
    "lifetime": 20,
    "sizeFrom": 0,
    "sizeTo": 45,
    "sides": 3,
    "strokeFrom": 6,
    "strokeTo": 0,
    "lightColor": "73FFAEFF",
    "colorFrom": "73FFAEFF",
    "colorTo": "73FFAEFF"
    },
    {
    "type": "WaveEffect",
    "lifetime": 25,
    "sizeFrom": 0,
    "sizeTo": 65,
    "sides": 3,
    "strokeFrom": 6,
    "strokeTo": 0,
    "lightColor": "57D993FF",
    "colorFrom": "57D993FF",
    "colorTo": "57D993FF"
    },
    {
    "type": "WaveEffect",
    "lifetime": 30,
    "sizeFrom": 0,
    "sizeTo": 85,
    "sides": 3,
    "strokeFrom": 6,
    "strokeTo": 0,
    "lightColor": "50A385FF",
    "colorFrom": "50A385FF",
    "colorTo": "50A385FF"
    },
    {
    "type": "ParticleEffect",
    "particles": 30,
    "length": 60,
    "lifetime": 26,
    "interp": "circleOut",
    "cone": 360,
    "lightColor": "73FFAEFF",
    "colorFrom": "57D993FF",
    "colorTo": "73FFAEFF",
    "sizeFrom": 5,
    "sizeTo": 0
    }
    ]
    },
    "despawnEffect": {
    "type": "multiEffect",
    "effects": [
    {
    "type": "WaveEffect",
    "lifetime": 20,
    "sizeFrom": 0,
    "sizeTo": 45,
    "sides": 3,
    "strokeFrom": 6,
    "strokeTo": 0,
    "lightColor": "73FFAEFF",
    "colorFrom": "73FFAEFF",
    "colorTo": "73FFAEFF"
    },
    {
    "type": "WaveEffect",
    "lifetime": 25,
    "sizeFrom": 0,
    "sizeTo": 65,
    "sides": 3,
    "strokeFrom": 6,
    "strokeTo": 0,
    "lightColor": "57D993FF",
    "colorFrom": "57D993FF",
    "colorTo": "57D993FF"
    },
    {
    "type": "WaveEffect",
    "lifetime": 30,
    "sizeFrom": 0,
    "sizeTo": 85,
    "sides": 3,
    "strokeFrom": 6,
    "strokeTo": 0,
    "lightColor": "50A385FF",
    "colorFrom": "50A385FF",
    "colorTo": "50A385FF"
    },
    {
    "type": "ParticleEffect",
    "particles": 30,
    "length": 60,
    "lifetime": 26,
    "interp": "circleOut",
    "cone": 360,
    "lightColor": "73FFAEFF",
    "colorFrom": "57D993FF",
    "colorTo": "73FFAEFF",
    "sizeFrom": 5,
    "sizeTo": 0
    }
    ]
    },
    "trailLength": 19,
    "trailInterval": 8,
    "trailWidth": 4,
    "speed": 18,
    "lifetime": 68,
    "frontColor": "FFFFFF",
    "backColor": "73FFAEFF"
    }
	 },
	 {
    "name": "apotheosis-deathray",
    "x": 0,
    "y": 0,
    "shootY": 0,
    "rotate": true,
    "shootStatus": "unmoving",
    "shootStatusDuration": 400,
    "rotateSpeed": 0.9,
    "mirror": false,
    "reload": 745,
    "shake": 5,
    "cooldownTime": 145,
    "shoot": {
    "firstShotDelay": 120
    },
    "chargeSound": "pulse",
    "shootSound": "beam",
    "continuous": true,
    "bullet": { 
    "chargeEffect": {
    "type": "multiEffect",
    "lifetime": 120,
    "effects": [
    {
    "type": "ParticleEffect",
    "particles": 1,
    "sizeFrom": 60,
    "sizeTo": 0,
    "length": 0,
    "lightColor": "73FFAEFF",
    "lifetime": 400,
    "layer": 109,
    "region": "exogenesis-tall",
    "colorFrom": "57D993FF",
    "colorTo": "73FFAEFF"
    },
    {
    "type": "ParticleEffect",
    "particles": 1,
    "sizeFrom": 40,
    "sizeTo": 0,
    "length": 0,
    "lightColor": "73FFAEFF",
    "lifetime": 400,
    "layer": 109,
    "region": "exogenesis-wide",
    "colorFrom": "57D993FF",
    "colorTo": "73FFAEFF"
    },
    {
    "type": "ParticleEffect",
    "particles": 35,
    "offset": 55,
    "baseLength": -75,
    "sizeFrom": 8,
    "sizeTo": 0,
    "length": 200,
    "layer": 109,
    "region": "exogenesis-shape2",
    "lightColor": "73FFAEFF",
    "lifetime": 120,
    "colorFrom": "57D993FF",
    "colorTo": "73FFAEFF",
    "cone": 360
    },
    {
    "type": "ParticleEffect",
    "particles": 1,
    "sizeFrom": 60,
    "sizeTo": 0,
    "length": 0,
    "spin": 7,
    "lightColor": "73FFAEFF",
    "lifetime": 400,
    "interp": "swing",
    "layer": 109,
    "region": "exogenesis-square",
    "colorFrom": "57D993FF",
    "colorTo": "73FFAEFF",
    "cone": 360
    },
    {
    "type": "ParticleEffect",
    "particles": 1,
    "sizeFrom": 60,
    "sizeTo": 0,
    "length": 0,
    "lightColor": "73FFAEFF",
    "spin": -7,
    "lifetime": 400,
    "interp": "swing",
    "layer": 109,
    "region": "exogenesis-square",
    "colorFrom": "57D993FF",
    "colorTo": "73FFAEFF",
    "cone": 360
	}
    ]
	},
    "type": "ContinuousLaserBulletType",
    "damage": 450,
    "width": 18,
    "length": 700,
    "drawSize": 470,
    "fadeTime": 70,
    "colors":["50A385B0", "57D993FF", "73FFAEFF", "FFFFFFF"],
    "lifetime": 280,
    "lightColor": "73FFAEFF",
    "buildingDamageMultiplier": 3,
    "shake": 0.9,
    "hitEffect": {
    "type": "multiEffect",
    "effects": [
    {
    "type": "ParticleEffect",
    "line": true,
    "particles": 12,
    "lifetime": 22,
    "length": 85,
    "baseLength": 15,
    "cone": -360,
    "strokeFrom": 4,
    "strokeTo": 0,
    "lenFrom": 10,
    "lenTo": 0,
    "colorFrom": "73FFAEFF",
    "colorTo": "57D993FF"     
    },
    {
    "type": "ParticleEffect",
    "particles": 6,
    "region": "exogenesis-shape2",
    "lifetime": 22,
    "length": 85,
    "sizeFrom": 0,
    "sizeTo": 6,
    "colorFrom": "73FFAEFF",
    "colorTo": "57D993FF"
    }
    ]
    },
    "incendChance": 1
    }
    },
    {
    "name": "apotheosis-emp-weapon",
    "y": -19,
    "x": 48,
    "top": true,
    "mirror": true,
    "alternate": true,
    "rotate": true,
    "rotateSpeed": 2,
    "shootY": 19,
    "reload": 127,
    "recoil": 4,
    "shake": 1,
    "shootSound": "laserblast",
    "bullet": { 
    "type": "EmpBulletType",
    "hitColor": "73FFAEFF",
    "chainEffect": {
    "type": "ParticleEffect",
    "line": true,
    "particles": 2,
    "offset": 5,
    "lifetime": 22,
    "length": 35,
    "cone": -360,
    "lenFrom": 5,
    "lenTo": 0,
    "colorFrom": "73FFAEFF",
    "colorTo": "57D993FF"
    },
    "applyEffect": {
    "type": "WaveEffect",
    "lifetime": 25,
    "sizeFrom": 0,
    "sizeTo": 5,
    "strokeFrom": 4,
    "strokeTo": 0,
    "colorFrom": "73FFAEFF",
    "colorTo": "57D993FF"
    },
    "hitEffect": {
    "type": "multiEffect",
    "effects": [
    {
    "type": "ParticleEffect",
    "particles": 1,
    "sizeFrom": 25,
    "sizeTo": 0,
    "length": 0,
    "lifetime": 45,
    "colorFrom": "73FFAEFF",
    "colorTo": "73FFAEFF",
    "cone": 360
    },
    {
    "type": "ParticleEffect",
    "particles": 30,
    "length": 120,
    "baseLength": 20,
    "lifetime": 46,
    "interp": "circleOut",
    "cone": 360,
    "colorFrom": "57D993FF",
    "colorTo": "73FFAEFF",
    "sizeFrom": 8,
    "sizeTo": 0
    },
    {
    "type": "ParticleEffect",
    "particles": 1,
    "sizeFrom": 57,
    "sizeTo": 2,
    "length": 0,
    "spin": 9,
    "lifetime": 45,
    "region": "exogenesis-wide",
    "colorFrom": "73FFAEFF",
    "colorTo": "73FFAEFF"
    },
    {
    "type": "ParticleEffect",
    "particles": 1,
    "sizeFrom": 57,
    "sizeTo": 2,
    "length": 0,
    "spin": -9,
    "lifetime": 45,
    "region": "exogenesis-tall",
    "colorFrom": "73FFAEFF",
    "colorTo": "73FFAEFF"
    },
    {
    "type": "WaveEffect",
    "lifetime": 50,
    "sizeFrom": 0,
    "sizeTo": 120,
    "strokeFrom": 6,
    "strokeTo": 0,
    "colorFrom": "73FFAEFF",
    "colorTo": "57D993FF"
    },
    {
    "type": "WaveEffect",
    "lifetime": 56,
    "sizeFrom": 200,
    "sizeTo": 200,
    "sides": 18,
    "strokeFrom": 7,
    "strokeTo": 0,
    "colorFrom": "73FFAEFF",
    "colorTo": "57D993FF"
    }
    ]
    },
    "despawnEffect": {
    "type": "multiEffect",
    "effects": [
    {
    "type": "ParticleEffect",
    "particles": 1,
    "sizeFrom": 25,
    "sizeTo": 0,
    "length": 0,
    "lifetime": 45,
    "colorFrom": "73FFAEFF",
    "colorTo": "73FFAEFF",
    "cone": 360
    },
    {
    "type": "ParticleEffect",
    "particles": 30,
    "length": 120,
    "baseLength": 20,
    "lifetime": 46,
    "interp": "circleOut",
    "cone": 360,
    "colorFrom": "57D993FF",
    "colorTo": "73FFAEFF",
    "sizeFrom": 8,
    "sizeTo": 0
    },
    {
    "type": "ParticleEffect",
    "particles": 1,
    "sizeFrom": 57,
    "sizeTo": 2,
    "length": 0,
    "spin": 9,
    "lifetime": 45,
    "region": "exogenesis-wide",
    "colorFrom": "73FFAEFF",
    "colorTo": "73FFAEFF"
    },
    {
    "type": "ParticleEffect",
    "particles": 1,
    "sizeFrom": 57,
    "sizeTo": 2,
    "length": 0,
    "spin": -9,
    "lifetime": 45,
    "region": "exogenesis-tall",
    "colorFrom": "73FFAEFF",
    "colorTo": "73FFAEFF"
    },
    {
    "type": "WaveEffect",
    "lifetime": 50,
    "sizeFrom": 0,
    "sizeTo": 120,
    "strokeFrom": 6,
    "strokeTo": 0,
    "colorFrom": "73FFAEFF",
    "colorTo": "57D993FF"
    },
    {
    "type": "WaveEffect",
    "lifetime": 56,
    "sizeFrom": 200,
    "sizeTo": 200,
    "sides": 18,
    "strokeFrom": 7,
    "strokeTo": 0,
    "colorFrom": "73FFAEFF",
    "colorTo": "57D993FF"
    }
    ]
    },
    "shootEffect": {
    "type": "ParticleEffect",
    "line": true,
    "particles": 20,
    "offset": 35,
    "lifetime": 22,
    "length": 35,
    "cone": -360,
    "lenFrom": 5,
    "lenTo": 0,
    "colorFrom": "73FFAEFF",
    "colorTo": "57D993FF"   
    },
    "collidesTeam": true,
    "healPercent": 20,
    "lightColor": "73FFAEFF",
    "sprite": "circle-bullet",
    "trailColor": "73FFAEFF",
    "trailParam": 3,
    "trailEffect": "none",
    "trailLength": 16,
    "trailInterval": 13,
    "trailWidth": 6,
    "lightningColor": "73FFAEFF",
    "lightning": 8,
    "lightningDamage": 78,
    "lightningLength": 12,
    "lightningCone": 360,
    "lightningLengthRand": 25,
    "lifetime": 140,
    "splashDamage": 300,
    "splashDamageRadius": 200,
    "damage": 11000,
    "shrinkY": 0,
    "shrinkX": 0,
    "radius": 200,
    "timeIncrease": 17.5,
    "powerDamageScl": 3.0,
    "powerSclDecrease": 0.3,
    "unitDamageScl": 0.3,
    "status": "electrified",
    "statusDuration": 100,
    "buildingDamageMultiplier": 6,
    "speed": 4,
    "width": 30,
    "height": 30,
    "backColor": "73FFAEFF",
    "frontColor": "FFFFFFFF"
    }
	  }
     ],
    "abilities": [
      {
        "type": "UnitSpawnAbility",
        "spawnX": 0,
        "spawnY": 55,
        "unit": "crystal-drone-healer",
        "spawnTime": 50
       },
       {
        "type": "mindustry.entities.abilities.RepairFieldAbility",
        "activeEffect": {
        "type": "WaveEffect",
        "lifetime": 35,
        "sizeFrom": 0,
        "sizeTo": 300,
        "sides": 12,
        "strokeFrom": 6,
        "strokeTo": 0,
        "colorFrom": "73FFAEFF",
        "colorTo": "57D993FF"
        },
        "healEffect": {
        "type": "WaveEffect",
        "lifetime": 35,
        "sizeFrom": 0,
        "sizeTo": 30,
        "strokeFrom": 4,
        "strokeTo": 0,
        "colorFrom": "73FFAEFF",
        "colorTo": "57D993FF"
        },
        "range": 300,
        "amount": 80000,
        "reload": 300
        },
        {
        "type": "EnergyFieldAbility",
        "statusDuration": 150,
        "shootSound": "none",
        "color": "57D993FF",
        "maxTargets": 100,
        "healPercent": 1,
        "damage": 100.5,
        "range": 300,
        "sectors": 6,
        "blinkScl": 80,
        "rotateSpeed": 2,
        "hitBuildings": true,
        "sectorRad": 0.13,
        "effectRadius": 11,
        "reload": 100
     }
   ]
}
