{
        "type": "missile",
         "controller": "MissileAI",
        "lowAltitude": true,
        "speed": 5.6,
        "rotateSpeed": 1,
        "lifetime": 130,
         "isEnemy": false,
        "allowedInPayloads": false,
        "playerControllable": false,
        "physics": false,
        "deathEffect": "none",
        "useUnitCap": false,
        "createWreck": false,
        "createScorch": false,
        "flying": true,
        "hidden": true,
        "health": 3000,
        "hitSize": 7,
        "engineLayer": 110,
        "outlineColor": "36363c",
        "engineColor": "BF92F9FF",
        "trailColor": "BF92F9FF",
        "missileAccelTime": 45,
        "engineOffset": 19,
        "engineSize": 5.3,
        "drawCell": true,
        "maxRange": 10,
        "trailLength": 22,
	    "weapons": [
	   {
    "name": "bbom boom",
    "shootCone": 360,
    "shootOnDeath": true,
    "controllable": true,
    "bullet": {
     "type": "ArtilleryBulletType",
     "killShooter": true,
    "hitEffect": "reactorExplosion",
    "instantDisappear": true,
    "sprite": "circle-bullet",
    "hitSoundVolume": 5,
    "hitSound": "largeExplosion",
    "buildingDamageMultiplier": 1.3,
    "splashDamage": 1600,
    "splashDamageRadius": 70,
    "shrinkY": 0,
    "shrinkX": 0,
    "status": "blasted",
    "statusDuration": 100,
    "trailColor": "BF92F9FF",
    "trailParam": 6,
    "trailLength": 12,
    "trailWidth": 3
}
}
 ],
    "abilities": [
  {
    "type": "MoveEffectAbility",
    "effect": {
 "type": "ParticleEffect",
    "particles": 5,
    "sizeFrom": 6,
    "sizeTo": 1,
    "length": 50,
    "lifetime": 60,
    "lightOpacity": 0,
    "interp": "circleOut",
    "sizeInterp": "pow5In",
    "colorFrom": "BF92F9aa",
    "colorTo": "78787870",
    "cone": 15
    },
    "interval": 3,
    "y": -17,
    "rotateEffect": true,
    "rotation": 180,
    }
  ]
}
