{
"effect": {
"type": "MultiEffect",
"effects": [
{     
"type": "ParticleEffect",
"line": true,
"particles": 2,
"lifetime": 30,
"length": 45,
"lightColor": "66B1FFFF",
"cone": -360,
"strokeFrom": 2,
"strokeTo": 0,
"lenFrom": 8,
"lenTo": 0,
"colorFrom": "66B1FFFF",
"colorTo": "66B1FFFF"
},
{
"type": "ParticleEffect",
"line": true,
"particles": 3,
"lifetime": 30,
"length": 35,
"lightColor": "66B1FFFF",
"cone": -360,
"strokeFrom": 2,
"strokeTo": 0,
"lenFrom": 7,
"lenTo": 0,
"colorFrom": "66B1FFFF",
"colorTo": "66B1FFFF"
},
{
"type": "ParticleEffect",
"line": true,
"particles": 4,
"lifetime": 30,
"length": 25,
"lightColor": "66B1FFFF",
"cone": -360,
"strokeFrom": 2,
"strokeTo": 0,
"lenFrom": 5,
"lenTo": 0,
"colorFrom": "66B1FFFF",
"colorTo": "66B1FFFF"
}
]
},
"damage": 1.2,
"affinities": ["blasted"],
"transitionDamage": 3,
"speedMultiplier": 0.80,
"healthMultiplier": 0.90
}
