{
"name": "Anvil",
"research": {
"parent": "reign",
"requirements": [
"graphite/1220",
"surge-alloy/1000",
"plastanium/940",
"phase-fabric/850",
"copper/1240",
"lead/1240",
"silicon/1300"
]
},
"type": "mech",
"lightRadius": 200,
"armor": 35,
"rotateSpeed": 1.4,
"canDrown": false,
"hitSize": 40,
"mechFrontSway": 1,
"mechSideSway": 1,
"mechStepParticles": true,
"mechStepShake": 2,
"singleTarget": true,
"speed": 0.30,
"health": 78600,
"range": 250,
"immunities": [
		"melting",
		"blasted",
		"burning",
		"slow"
		],
"weapons": [
  {
  "name": "anvil-weapon",
  "x": 27.5,
  "y": 3,
  "top": false,
  "shootCone": 45,
  "reload": 50,
  "alternate": false,
  "top": false,
  "rotateSpeed": 1.7,
  "rotate": true,
  "recoil": 3,
  "under": true,
  "layerOffset": -0.001,
  "shootY": 20,
  "shake": 2,
  "rotationLimit": 35,
  "shootSound": "torch",
   "alwaysContinuous": true,
    "continuous": true,
    "bullet": {
    "type": "ContinuousFlameBulletType",
    "colors": ["ec7458aa", "ec7458ff", "ff9c5a", "ffffffff"],
    "damage": 50,
    "flareWidth": 0,
    "width": 9,
     "hitEffect": "hitMeltdown",
    "divisions": 20,
    "length": 160,
    "drawSize": 350,
    "lifetime": 220,
    "status": "melting",
    "statusDuration": 150
	}
  },
  {
    "name": "tyrant-gunner",
    "shootCone": 15,
    "mirror": true,
    "alternate": true,
    "rotateSpeed": 3,
    "rotate": true,
    "shootY": 8,
    "x": 16,
    "y": -3.5,
    "reload": 5,
    "inaccuracy": 7,
    "recoil": 3,
    "ejectEffect": "casing2",
    "shootSound": "shootBig",
    "shake": 1,
    "bullet": { 
    "sprite" : "missile-large",
    "knockback": 1,
    "lightning": 4,
    "lightningDamage": 10,
    "lightningLength": 3,
    "lightningLengthRand": 6,
     "trailLength": 8,
    "trailWidth": 1.8,
    "type": "basicBulletType",
    "hitEffect": "blastExplosion",
    "shootEffect": "shootBig2",
    "despawnEffect": "blastExplosion",
    "lifetime": 70,
    "damage": 24,
    "speed": 4,
    "width": 5,
    "height": 10
   }
  }
 ]
}