{
    "research": {
    "parent": "orca",
    "requirements": [
"graphite/1220",
"surge-alloy/1200",
"plastanium/940",
"phase-fabric/1000",
"voltirium-alloy/1000",
"copper/1540",
"lead/1540",
"silicon/1800"
    ]
    },
    "type": "naval",
    "armor": 50,
    "drag": 0.17,
    "targetAir": true,
    "range": 300,
    "hitSize": 94,
    "health": 158200,
    "speed": 0.56,
    "accel": 0.18,
    "rotateSpeed": 0.8,
    "trailX": 27,
    "trailY": -43,
    "trailScl": 4,
    "trailLength": 95,
    "rotateShooting": false,

	"weapons": [
		{
    "name": "tyrant-gunner",
    "top": true,
    "mirror": true,
    "alternate": true,
    "y": 37,
    "x": 17,
    "rotate": true,
    "rotateSpeed": 4,
    "inaccuracy": 7,
    "shootY": 10,
    "reload": 56,
    "recoil": 1,
    "shake": 0.5,
        "shoot": {
  "type": "shootPattern",
  "shots": 3,
  "shotDelay": 5,
   },
    "ejectEffect": "casing2",
    "velocityRnd": 0.4,
    "shootSound": "artillery",
    "bullet": { 
    "type": "artilleryBulletType",
    "knockback": 2,
    "hitEffect": "blastExplosion",
    "shootEffect": "shootBig2",
    "despawnEffect": "blastExplosion",
    "collidesGround": true,
    "collidesAir": true,
    "collidesTiles": true,
    "trailChance": 0.8,
    "lifetime": 170,
    "damage": 260,
    "splashDamage": 92,
    "splashDamageRadius": 45,
    "speed": 3,
    "width": 12,
    "height": 16,
    "fragBullets": 3,
    "fragVelocityMin": 0.4,
    "fragCone": 630,
    "fragLifeMin": 1,
	"fragBullet": {
	"type": "BasicBulletType",
	"height" : 9,
	"width" : 9,
	"lifetime": 20,
	"damage" : 10,
	"pierce": true,
	"pierceBuilding": true,
	"splashDamage" : 40,
	"splashDamageRadius" : 20,	
    "hitEffect": "flakExplosion"
	}
           }
			},
			{
    "name": "tyrant-gunner",
    "shootCone": 25,
    "alternate": true,
    "mirror": true,
    "top": true,
    "y": 18,
    "x": 26,
     "shoot": {
  "type": "shootPattern",
  "shots": 3,
  "shotDelay": 5,
   },
    "rotate": true,
    "rotateSpeed": 4,
    "inaccuracy": 7,
    "shootY": 10,
    "reload": 58,
    "recoil": 1,
    "shake": 0.5,
    "ejectEffect": "casing2",
    "velocityRnd": 0.4,
    "shootSound": "artillery",
    "bullet": { 
    "type": "artilleryBulletType",
    "knockback": 2,
    "hitEffect": "blastExplosion",
    "shootEffect": "shootBig2",
    "despawnEffect": "blastExplosion",
    "collidesGround": true,
    "collidesAir": true,
    "collidesTiles": true,
    "trailChance": 0.8,
    "lifetime": 170,
    "damage": 260,
    "splashDamage": 92,
    "splashDamageRadius": 45,
    "speed": 3,
    "width": 12,
    "height": 16,
    "fragBullets": 3,
    "fragVelocityMin": 0.4,
    "fragCone": 630,
    "fragLifeMin": 1,
	"fragBullet": {
	"type": "BasicBulletType",
	"height" : 9,
	"width" : 9,
	"lifetime": 20,
	"damage" : 10,
	"pierce": true,
	"pierceBuilding": true,
	"splashDamage" : 40,
	"splashDamageRadius" : 20,	
    "hitEffect": "flakExplosion"
	}
			 }
	      },
			{
   "name": "balaenoptera-launcher",
    "shootCone": 25,
    "alternate": true,
    "mirror": true,
    "top": true,
    "y": -17,
    "x": 31,
    "rotate": true,
    "rotateSpeed": 2.9,
    "reload": 15,
    "recoil": 0.5,
         "shoot": {
  "type": "shootPattern",
  "shots": 3,
  "shotDelay": 1,
   },
    "shootY": 8,
    "inaccuracy": 10,
    "xRand": 11,
    "shootSound": "missile",
    "velocityRnd": 0.4,
    "bullet": {
    "keepVelocity": false,
    "type": "MissileBulletType",
    "hitEffect": "explosion",
    "despawnEffect": "explosion",
    "shootEffect": "shootBig",
    "damage": 135,
    "speed": 4,
    "lifetime": 120,
  	"homingPower": 0.0567,
	"homingRange": 100,
	"weaveScale": 5,			
	"weaveMag": 5,
    "height": 15,
    "width": 8,
	"splashDamageRadius": 20,
	"splashDamage": 38
           }
           },
           {
   "name": "balaenoptera-cannon",
    "x": 0,
    "y": -10,
    "reload": 436,
    "mirror": false,
    "top": true,
    "layerOffset": 0.002,
    "rotateSpeed": 0.55,
    "rotate": true,
    "recoil": 7.5,
    "shootY": 26,
    "parts": [
     {
     "type": "RegionPart",
    "suffix": "-barrel",
    "outlineLayerOffset": 0.001,
    "layerOffset": -0.002,
    "moveY": -12,
    "y": 15,
      "parts": [
     {
     "type": "RegionPart",
         "colorTo": "F3E97900",
         "color": "F3E979FF",
         "progress": "reload",
         "blending": "additive",
         "layerOffset": 0.002,
         "outline": false,
         "suffix": "-barrel-glow"
     }
     ],
    "mirror": true,
    "progress": {
          "type": "recoil",
          "op": "blend",
          "other": "reload",
          "amount": 0.5
         }
         },
         {
        "type": "RegionPart",
         "colorTo": "F3E97900",
         "color": "F3E979FF",
         "progress": "reload",
         "blending": "additive",
         "layerOffset": 0.002,
         "outline": false,
         "suffix": "-glow"
    }
     ],
    "shots": 3,
    "shake": 3,
    "inaccuracy": 3,
    "shotDelay": 5,
    "shootSound": "largeCannon",
    "ejectEffect": "casing3Double",
    "bullet": { 
    "type": "basicBulletType",
    "hitEffect": "massiveExplosion",
    "shootEffect": "shootBig",
    "smokeEffect": "shootPyraFlame",
    "despawnEffect": "massiveExplosion",
    "pierce": true,
    "pierceBuilding": true,
    "buildingDamageMultiplier": 1.4,
    "pierceCap": 4,
    "knockback": 4,
    "lifetime": 55,
    "damage": 1250,
    "speed": 10,
    "width": 18,
    "height": 33,
    "splashDamage": 30,
    "splashDamageRadius": 25,
    "fragBullets": 10,
    "fragVelocityMin": 4,
    "fragCone": 360,
    "fragLifeMin": 1,
	"fragBullet": {
	"type": "BasicBulletType",
	"status" : "melting",
	"height" : 12,
	"width" : 12,
	"lifetime": 20,
	"damage" : 50,
	"pierce": true,
	"pierceBuilding": true,
	"splashDamage" : 30,
	"splashDamageRadius" : 10,	
    "hitEffect": "flakExplosion"
	}
    }
    }
     ],
    "abilities": [
 {
              "type": "UnitSpawnAbility",
              "spawnX": -15.5,
              "spawnY": -46,
              "unit": "minke",
              "spawnTime": 890
  },
        {
              "type": "UnitSpawnAbility",
              "spawnX": 15.5,
              "spawnY": -46,
              "unit": "minke",
              "spawnTime": 890
 },
 {
              "type": "UnitSpawnAbility",
              "spawnX": -29,
              "spawnY": -37,
              "unit": "minke",
              "spawnTime": 890
  },
        {
              "type": "UnitSpawnAbility",
              "spawnX": 29,
              "spawnY": -37,
              "unit": "minke",
              "spawnTime": 890
            }
        ]
}
