{
    "controller": "builderAI",
    "type": "payload",
    "singleTarget": true,
    "drawShields": false,
    "fallSpeed": 0.006,
    "research": {
    "parent": "hex",
    "requirements": [
"graphite/1220",
"surge-alloy/1200",
"plastanium/940",
"phase-fabric/1000",
"voltirium-alloy/1000",
"copper/1540",
"lead/1540",
"silicon/1800"
    ]
    },
    "lowAltitude": true,
    "rotateShooting": false,
    "lightRadius": 200,
    "rotateSpeed": 1,
    "crashDamageMultiplier": 18,
    "payloadCapacity": 16484,
    "mineSpeed": 4.3,
    "buildSpeed": 10,
    "mineTier": 5,
    "itemCapacity": 1000,
    "speed": 0.8,
    "accel": 0.04,
    "drag": 0.012,
    "range": 430,
    "maxRange": 430,
    "aimDst": 430,
    "faceTarget": true,
    "flying": true,
    "health": 287000,
    "hitSize": 88,
    "armor": 27,       
    "engineOffset": 57,
    "engineSize": 8.5,
    "targetAir": true,
    "commandLimit": 10,
    "immunities": [
		"sapped",
		"wet",
		"tarred",
		"slow",
		"melting",
		"burning"
		],
	 "weapons": [
    ],
    "abilities": [
    {
    "type": "StatusFieldAbility",
    "activeEffect": "none",
     "effect": "exogenesis-octane-charged",
      "range": 200,
      "reload": 1,
      "duration": 5
      },
      {
      "type": "EnergyFieldAbility",
      "statusDuration": 300,
      "status": "exogenesis-octane-blast",
      "color": "98ffa9ff",
      "maxTargets": 30,
      "damage": 175,
      "healPercent": 1,
      "y": -8,
      "range": 270,
      "sectors": 3,
      "rotateSpeed": 1,
      "hitBuildings": true,
      "sectorRad": 0.28,
      "effectRadius": 11,
      "reload": 110
      },
      {
      "type": "mindustry.entities.abilities.ForceFieldAbility",
      "radius": 180,
      "regen": 30,
      "max": 80000,
      "cooldown": 550
      },
      {
      "type": "mindustry.entities.abilities.ForceFieldAbility",
      "radius": 100,
      "regen": 7,
      "max": 30000,
      "cooldown": 350
      }
    ]
}
