{
"research": {
"parent": "anvil",
"requirements": [
"graphite/1220",
"surge-alloy/1200",
"plastanium/940",
"phase-fabric/1000",
"voltirium-alloy/1000",
"copper/1540",
"lead/1540",
"silicon/1800"
]
},
"type": "mech",
"lightRadius": 200,
"armor": 65,
"rotateSpeed": 0.8,
"canDrown": false,
"hitSize": 60,
"mechFrontSway": 1,
"mechSideSway": 1.4,
"mechStepParticles": true,
"mechStepShake": 4,
"singleTarget": true,
"speed": 0.31,
"health": 180000,
"range": 300,
"immunities": [
		"melting",
                "exogenesis-militarian-buff"
		"blasted",
		"burning",
		"slow"
		],
"weapons": [
  {
  "name": "fornax-weapon",
  "x": 32,
  "shootCone": 45,
  "y": 0,
  "reload": 7,
  "alternate": true,
  "top": false,
  "rotate": false,
  "recoil": 2.5,
  "shootY": 29,
  "xRand": 5.5,
  "layerOffset": -0.001,
  "inaccuracy": 5,
  "shoot": {
  "type": "shootPattern",
  "shots": 2,
  "shotDelay": 1,
   },
  "shake": 3,
  "shootSound": "shootBig",
  "ejectEffect": "none",
  "bullet": { 
  "type": "BasicBulletType",
  "sprite" : "exogenesis-pointy-bullet",
  "damage": 80,	
  "height": 14,
  "width": 12,			
  "speed": 11,
  "lifetime": 28,
  "homingPower": 0.6,
  "homingDelay": 14,
  "homingRange": 160,
  "shrinkX": 0,
  "shrinkY": 0,
   "lightning": 7,
    "lightningDamage": 20,
    "lightningLength": 4,
    "lightningCone": 40,
    "lightningLengthRand": 6,
  "hitEffect": {
   "type": "ParticleEffect",
    "line": true,
    "particles": 6,
    "lifetime": 20,
    "length": 75,
    "cone": -40,
    "lenFrom": 8,
    "lenTo": 8,
    "colorFrom": "FFFFFFF",
    "colorTo": "F3E979FF"    
  },
"despawnEffect": {
  "type": "ParticleEffect",
    "line": true,
    "particles": 6,
    "lifetime": 20,
    "length": 75,
    "cone": -40,
    "lenFrom": 8,
    "lenTo": 8,
    "colorFrom": "FFFFFFF",
    "colorTo": "F3E979FF"    
  },
  "shootEffect": "shootHealYellow",
   "trailColor": "F3E979FF",
    "trailLength": 20,
    "trailWidth": 3.5,
    "absorbable": false,
    "lightColor": "F3E979FF",
	"frontColor": "FFFFFFF",
  	"backColor": "F3E979FF"
	}
  },
    {
    "name": "fornax-heavy-rockets",
    "shootCone": 15,
    "shootY": 3,
    "mirror": true,
    "alternate": true,
    "rotateSpeed": 3,
    "inaccuracy": 8,
    "rotate": true,
    "x": 27,
    "y": 4,
    "reload": 49,
    "recoil": 3,
    "ejectEffect": "casing2",
    "shootSound": "bang",
    "shoot": {
    "type": "shootPattern",
    "shots": 2,
    "shotDelay": 2,
    },
    "shake": 1,
    "bullet": { 
    "keepVelocity": false,
    "type": "MissileBulletType",
    "shootEffect": "blastExplosion",
    "hitEffect": {
    "type": "multiEffect",
    "effects": [
    {
    "type": "ParticleEffect",
    "particles": 30,
    "length": 60,
    "lifetime": 46,
    "cone": 360,
    "colorFrom": "FF875BFF",
    "colorTo": "FF875B15",
    "sizeFrom": 5,
    "sizeTo": 0
    },
    {
    "type": "WaveEffect",
    "lifetime": 25,
    "sizeFrom": 0,
    "sizeTo": 50,
    "strokeFrom": 6,
    "strokeTo": 0,
    "colorFrom": "FF875BFF",
    "colorTo": "FF875BF10"
    }
    ]
    },
    "despawnEffect": {
    "type": "multiEffect",
    "effects": [
    {
   "type": "ParticleEffect",
    "particles": 30,
    "length": 60,
    "lifetime": 46,
    "cone": 360,
    "colorFrom": "FF875BFF",
    "colorTo": "FF875B15",
    "sizeFrom": 5,
    "sizeTo": 0
    },
    {
    "type": "WaveEffect",
    "lifetime": 25,
    "sizeFrom": 0,
    "sizeTo": 50,
    "strokeFrom": 6,
    "strokeTo": 0,
    "colorFrom": "FF875BFF",
    "colorTo": "FF875BF10"
    }
    ]
    },
    "damage": 120,
    "speed": 5,
    "lifetime": 40,
  	"homingPower": 0.0068,
	"homingRange": 100,
	"weaveScale": 0,			
	"weaveMag": 0,
    "height": 20,
    "knockback": 3,
    "width": 8,
    "splashDamageRadius": 20,
   "splashDamage": 100
   }
  },
  {
    "name": "fornax-heavy-gunner",
    "top": true,
    "mirror": true,
    "alternate": true,
    "y": -8,
    "x": 25,
    "rotate": true,
    "rotateSpeed": 2,
    "inaccuracy": 2,
    "shootY": 15,
    "reload": 16,
    "recoil": 3,
     "shoot": {
  "type": "shootPattern",
  "shots": 3,
  "shotDelay": 3,
   },
    "ejectEffect": "casing2",
    "shootSound": "shootBig",
    "bullet": { 
    "type": "basicBulletType",
    "knockback": 5,
    "hitEffect": "blastExplosion",
    "shootEffect": "shootBig2",
    "despawnEffect": "blastExplosion",
    "pierce": true,
    "lifetime": 45,
    "damage": 140,
    "speed": 6,
    "width": 13,
    "height": 16
    }
 }
     ],
    "abilities": [
        {
      "type": "mindustry.entities.abilities.StatusFieldAbility",
      "effect": {
      "name": "tyrannical-outburst",
      "localizedName": "Outburst",
      "description": "an unimaginable rage consumes you.",
      "speedMultiplier": 1.7,
      "damageMultiplier": 1.7,
      "reloadMultiplier": 1.7,
      "effect": {
      "type": "ParticleEffect",
      "lifetime": 25,
      "length": 0,
      "sizeFrom": 2,
      "sizeTo": 0,
      "particles": 2,
      "colorFrom": "FF5845FF",
      "colorTo": "DE4136FF"
    }
    },
      "range" : 1,
      "reload" : 1000,
      "duration" : 125
        },
        {
      "type": "mindustry.entities.abilities.StatusFieldAbility",
      "activeEffect": {
      "type": "ParticleEffect",
      "lifetime": 25,
      "layer": 59,
      "length": 0,
      "sizeFrom": 12,
      "sizeTo": 0,
      "particles": 1,
      "colorFrom": "FF875BFF",
      "colorTo": "FF875BFF",
      "region": "particle"
      },
      "effect": "exogenesis-militarian-buff",
      "range" : 165,
      "reload" : 264,
      "duration" : 160
        }
    ]
} 
