{
"localizedName": "T0-EL Tyr",
"description": "N/A",
"groundLayer": 75,
"singleTarget": true,
"lightRadius": 120,
"type": "legs",
"speed": 0.22,
"hitSize": 56,
"health": 50000,
"outlineColor": "36363CFF",
"armor": 10,
"drownTimeMultiplier": 3,
"flying": false,
"targetAir": true,
"rotateSpeed": 0.9,
"legCount": 8,
"legLength": 60,
"envEnabled": -1
"envDisabled": 4
"legExtension": -12,
"legPairOffset": 4,
"legBaseOffset": 36,
"legContinuousMove": true,
"baseLegStraightness": 0.8,
"legMoveSpace": 0.7,
"legSpeed": 0.6,    
"rippleScale": 4.8,
"legSplashDamage": 156,
"legSplashRange": 50,
"visualElevation": 0.65,
"allowLegStep": true,
"hovering": true,
    "weapons": [
	{
   "name": "tyr-mount",
    "shootCone": 45,
    "alternate": true,
    "mirror": true,
    "top": true,
    "x": 45,
    "y": -4.5,
    "rotate": true,
    "rotateSpeed": 2,
    "layerOffset": 1,
    "reload": 10,
    "recoil": 3.5,
    "inaccuracy": 10,
    "velocityRnd": 0.4,
    "shootSound": "shoot",
    "bullet": {
    "type": "EmpBulletType",
    "width": 5,
    "height": 8,
    "sprite": "circle-bullet",
    "lifetime": 60,
    "speed": 6,
    "damage": 25,
    "splashDamage": 15,
    "splashDamageRadius": 40,
    "shrinkY": 0,
    "shrinkX": 0,
    "radius": 40,
    "hitPowerEffect": {
    "type": "ParticleEffect",
    "line": true,
    "particles": 6,
    "lifetime": 22,
    "length": 80,
    "cone": -360,
    "lenFrom": 6,
    "lenTo": 6,
    "colorFrom": "8deebb",
    "colorTo": "5ec1bf"
    },
    "hitColor": "8deebb",
    "timeIncrease": 0.5,
    "powerDamageScl": 0.3,
    "powerSclDecrease": 0.1,
    "unitDamageScl": 0.3,
    "status": "freezing",
    "statusDuration": 100,
    "shootEffect": "none",
    "homingPower": 0.0678,
    "homingRange": 40,
    "despawnEffect": {
    "type": "ParticleEffect",
    "line": true,
    "particles": 7,
    "lifetime": 20,
    "offset": 50,
    "length": 55,
    "cone": -360,
    "lenFrom": 6,
    "lenTo": 0,
     "colorFrom": "8deebb",
    "colorTo": "5ec1bf"
    },
    "hitEffect": {
    "type": "ParticleEffect",
    "line": true,
    "particles": 7,
    "lifetime": 20,
    "offset": 50,
    "length": 55,
    "cone": -360,
    "lenFrom": 6,
    "lenTo": 0,
    "colorFrom": "8deebb",
    "colorTo": "5ec1bf"
    },
        "frontColor": "FFFFFFF",
        "backColor": "8deebb",
        "trailColor": "8deebb",
    "trailParam": 6,
    "trailLength": 10,
    "trailWidth": 2,
    }
    }
    {
   "name": "Tyr-laser",
    "shootCone": 25,
    "mirror": false,
    "y": 4.5,
    "x": 0,
    "rotate": false,
    "reload": 220,
    "shootY": 0,
    "shootSound": "none",
    "bullet": {
    "type": "LaserBulletType",
    "hitEffect": {
    "type": "ParticleEffect",
    "line": true,
    "particles": 15,
    "offset": 20,
    "lifetime": 30,
    "length": 65,
    "baseLength": -15,
    "cone": -360,
    "lenFrom": 9,
    "lenTo": 0,
    "colorFrom": "8deebb",
    "colorTo": "DE4136FF"
    },
    "width": 170,
    "lifetime": 90,
    "drawSize": 430,
    "length": 800,
    "sideAngle": 90,
    "sideWidth": 1.2,
    "sideLength": 150,
    "damage": 10000,
    "lightningSpacing": 30,
    "lightningLength": 10,
    "lightningDelay": 0.6,
    "lightningLengthRand": 0.1,
    "lightningDamage": 50,
    "lightningAngleRand": 0.1,
    "largeHit": true,
    "lightColor": "8deebb",
    "lightningColor": "8deebb",
      "shootEffect": {
        "type": "multiEffect",
        "lifetime": 80,
        "effects": [
        {
    "type": "ParticleEffect",
    "particles": 7,
    "sizeFrom": 6,
    "sizeTo": 1,
    "length": 140,
    "lifetime": 20,
    "interp": "circleOut",
    "sizeInterp": "pow5In",
    "lightColor": "5ec1bf",
    "colorFrom": "8deebb",
    "colorTo": "5ec1bf",
    "cone": 10
    },
    {
    "type": "ParticleEffect",
    "particles": 7,
    "sizeFrom": 7,
    "sizeTo": 1,
    "length": 100,
    "lifetime": 35,
    "interp": "circleOut",
    "sizeInterp": "pow5In",
    "lightColor": "5ec1bf",
    "colorFrom": "8deebb",
    "colorTo": "5ec1bf",
    "cone": 15
    },
    {
    "type": "ParticleEffect",
    "particles": 7,
    "sizeFrom": 6,
    "sizeTo": 1.5,
    "length": 110,
    "lifetime": 40,
    "interp": "fastSlow",
    "lightColor": "5ec1bf",
    "colorFrom": "8deebb",
    "colorTo": "5ec1bf",
    "cone": 15
    },
    {
    "type": "ParticleEffect",
    "particles": 7,
    "sizeFrom": 6,
    "sizeTo": 1.5,
    "length": 120,
    "lifetime": 30,
    "interp": "fastSlow",
    "lightColor": "5ec1bf",
    "colorFrom": "8deebb",
    "colorTo": "5ec1bf",
    "cone": 10
    },
    {
    "type": "ParticleEffect",
    "offset": 30,
    "particles": 6,
    "lifetime": 30,
    "baseLength": 65,
    "length": 60,
    "interp": "circleOut",
    "sizeInterp": "pow5In",
    "cone": -30,
    "line": true,
    "strokeFrom": 2,
    "strokeTo": 0,
    "lenFrom": 8,
    "lenTo": 0,
    "lightColor": "8deebb",
    "colorFrom": "d3ffe8",
    "colorTo": "8deebb"
    },
    {
        "type": "ParticleEffect",
        "particles": 1,
        "sizeFrom": 80,
        "sizeTo": 1,
        "length": 0,
        "interp": "circleOut",
        "layer": 109,
        "lifetime": 40,
        "region": "exogenesis-tall",
        "colorFrom": "8deebb",
        "colorTo": "8deebb"
        },
        {
        "type": "ParticleEffect",
        "particles": 1,
        "sizeFrom": 22,
        "sizeTo": 1,
        "length": 0,
        "interp": "circleOut",
        "lifetime": 40,
        "layer": 109,
        "colorFrom": "8deebb",
        "colorTo": "8deebb",
        "cone": 360
        },
        {
        "type": "ParticleEffect",
        "particles": 1,
        "sizeFrom": 9.5,
        "sizeTo": 1,
        "interp": "circleOut",
        "length": 0,
        "lifetime": 40,
        "colorFrom": "FFFFFFF",
        "colorTo": "FFFFFFF",
        "cone": 360  
        }   
        ]   
        },
    "colors":["5ec1bfaa", "8deebb", "FFFFFFF"]
}
}
     ],
    "abilities": [
      {
        "type": "EnergyFieldAbility",
        "shootSound": "none",
        "color": "5ec1bf",
        "maxTargets": 25,
        "healPercent": 0.1,
        "damage": 100.5,
        "range": 300,
        "y": 4.5,
        "sectors": 3,
        "blinkScl": 40,
        "rotateSpeed": 4,
        "hitBuildings": true,
        "sectorRad": 0.13,
        "effectRadius": 13,
        "reload": 100
     },
    {
      "type": "StatusFieldAbility",
            "parentizeEffects": true,
      "activeEffect": {
        "type": "multiEffect",
        "effects": [
        {
   "type": "WaveEffect",
    "lifetime": 100,
    "sizeFrom": 0,
    "sizeTo": 80,
    "interp": "pow5Out",
    "strokeFrom": 5,
    "strokeTo": 0,
    "colorFrom": "d3ffe8",
    "colorTo": "5ec1bf"
   },
  {
   "type": "RadialEffect",
   "effect": {
    "type": "ParticleEffect",
    "particles": 1,
    "lifetime": 100,
    "baseLength": 45,
    "length": 40,
    "interp": "circleOut",
    "sizeInterp": "pow5In",
    "cone": -30,
    "line": true,
    "randLength": false,
    "strokeFrom": 1.7,
    "strokeTo": 0,
    "lenFrom": 13,
    "lenTo": 13,
    "lightColor": "8deebb",
    "colorFrom": "d3ffe8",
    "colorTo": "8deebb"
    }
    "amount": 4,
   },
   {
   "type": "WaveEffect",
    "lifetime": 96,
    "sizeFrom": 0,
    "sizeTo": 62,
    "interp": "pow5Out",
    "strokeFrom": 5,
    "strokeTo": 0,
    "colorFrom": "d3ffe8",
    "colorTo": "5ec1bf"
   }
   ]
    },
    "effect": "none",
    "effectY": 4.5,
    "range": 1,
    "reload": 70,
    "duration": 1
        },
 {
      "type": "StatusFieldAbility",
      "parentizeEffects": true,	
      "activeEffect": {
        "type": "multiEffect",
        "effects": [
        {
   "type": "WaveEffect",
    "lifetime": 140,
    "sizeFrom": 0,
    "sizeTo": 20,
    "interp": "pow5Out",
    "strokeFrom": 7,
    "strokeTo": 0,
    "colorFrom": "d3ffe8",
    "colorTo": "5ec1bf"
   }
   ]
    },
    "effect": "none",
    "effectY": 4.5,
    "range": 1,
    "reload": 70,
    "duration": 1
        }
   ]
}