{
    "research": {
    "parent": "toxopid",
    "requirements": [
    "graphite/1220",
    "surge-alloy/1000",
    "plastanium/940",
    "phase-fabric/850",
    "copper/1240",
    "lead/1240",
    "silicon/1300"
    ]
    },
  "groundLayer": 75,
  "type": "legs",
	"speed": 0.48,
	"hitSize": 47,
	"health": 83900,
	"rotateSpeed": 1.2,
    "buildSpeed": 5,
	"armor": 32,
	"drag": 0.4,
	"range": 340,
	"maxRange": 340,
	"aimDst": 340,
	"flying": false,
	"targetAir": true,
	"legSpeed": 0.09,
	"maxStretch": 1.5,
	"legCount": 8,
	"legBaseOffset": 15,
    "legLengthScl": 0.93,
    "legPairOffset": 3,
	"legMoveSpace": 0.8,
	"legExtension": -10,
	"legLength": 86,
	"rippleScale": 6,
	"landShake": 3,
    "legSplashDamage": 120,
    "legSplashRange": 42,
	"visualElevation": 0.7,
	"allowLegStep": true,
	"hovering": true,
	"immunities": [
		"burning",
		"sapped",
		"slow",
		"melting"
	],
	"weapons": [
	    {
  "name": "toxicity-energy-nuke",
  "x": 0,
  "y": 0,
  "reload": 660,
  "mirror": false,
  "rotate": false,
  "shootY": 27,
  "cooldownTime": 660,
  "shootStatus": "unmoving",
  
  "shootStatusDuration": 125,
 "shoot": {
 "firstShotDelay": 120
},
  "shake": 3,
  "shootSound": "laserblast",
  "ejectEffect": "none",
  "bullet": { 
  "type": "BasicBulletType",
  "sprite": "circle-bullet",
  "chargeSound": "lasercharge",
  "status": "exogenesis-nuclear-toxicity", 
  "statusDuration": 300,
    "lightRadius": 50,
    "lightColor": "BF92F9FF",
	"damage": 380,	
	"splashDamage": 1750,
	"splashDamageRadius": 100,	
	"height": 27,
	"width": 27,			
	"speed": 6,
    "hitSound": "plasmaboom",
	"lifetime": 90,
	"homingPower": 0.00756,
	"homingRange": 160,
	"shrinkX": 0,
    "shrinkY": 0,
  "hitEffect": "reactorExplosion",
  "chargeEffect": {
  "type": "multiEffect",
  "lifetime": 120,
  "effects": [
  {
  "type": "ParticleEffect",
  "particles": 1,
  "sizeFrom": 1,
  "sizeTo": 6,
  "length": 0,
  "lifetime": 125,
  "colorFrom": "FFFFFFF",
  "colorTo": "FFFFFFF",
  "cone": 360
  },
  {
  "type": "ParticleEffect",
  "particles": 1,
  "sizeFrom": 1,
  "sizeTo": 13,
  "length": 0,
  "lightColor": "BF92F9FF",
  "layer": 109,
  "lifetime": 125,
  "colorFrom": "BF92F9FF",
  "colorTo": "BF92F9FF",
  "cone": 360
  },
  {  
  "type": "ParticleEffect",
  "particles": 5,
  "offset": 15,
  "sizeFrom": 0,
  "sizeTo": 4,
  "length": 100,
    "interp": "pow3In",
    "sizeInterp": "pow5Out",    
  "lightColor": "BF92F9FF",
  "lifetime": 80,
  "colorFrom": "665C9FFF",
  "colorTo": "BF92F9FF"
  },
  {
  "type": "ParticleEffect",
  "particles": 5,
  "offset": 15,
  "sizeFrom": 0,
  "sizeTo": 6,
  "length": 80,
    "interp": "pow3In",
    "sizeInterp": "pow5Out",    
  "lightColor": "BF92F9FF",
  "lifetime": 100,
  "colorFrom": "665C9FFF",
  "colorTo": "BF92F9FF"
  },
  {
  "type": "ParticleEffect",
  "particles": 5,
  "offset": 15,
  "sizeFrom": 0,
  "sizeTo": 8,
     "interp": "pow3In",
    "sizeInterp": "pow5Out",    
  "length": 60,
  "lightColor": "BF92F9FF",
  "lifetime": 120,
  "colorFrom": "665C9FFF",
  "colorTo": "BF92F9FF"
	}
  ]
	},
	"trailEffect": {
  "type": "ParticleEffect",
  "particles": 7,
  "length": 8,
  "baseLength": 8,
  "lifetime": 25,
  "interp": "circleOut",
  "cone": 360,
  "offset": 5,
  "lightColor": "BF92F9FF",
  "colorFrom": "fff8e8",
  "colorTo": "BF92F9FF",
  "sizeFrom": 7,
  "sizeTo": 0
	},
	"trailParam": 5,
    "trailLength": 19,
    "trailInterval": 13,
    "trailColor": "BF92F9FF",
    "trailWidth": 9,
    "lightning": 3,
    "lightningDamage": 125,
    "lightningColor": "BF92F9FF",
    "lightningLength": 8,
    "lightningCone": 360,
    "lightningLengthRand": 27,
	"pierce": false,
	"absorbable": false,
	"hittable": false,
	"trailChance": 1,
	"buildingDamageMultiplier": 0.6,
	"smokeEffect": "none",
	"frontColor": "ffffff",
	"backColor": "BF92F9FF",
	"fragBullets": 15,
	"fragBullet": {
  "type": "BasicBulletType",
  "sprite": "circle-bullet",
  "lightColor": "BF92F9FF",
  "speed": 5,
  "trailColor": "BF92F9FF",
  "trailParam": 5,
  "trailEffect": "none",
  "trailLength": 16,
  "trailInterval": 13,
  "trailWidth": 4,
  "lifetime": 70,
  "damage": 100,
  "height": 8,
  "width": 8,
  "hitEffect": {
  "type": "ParticleEffect",
  "line": true,
  "lightColor": "BF92F9FF",
  "particles": 6,
  "lifetime": 28,
  "length": 45,
  "cone": -360,
  "lenFrom": 8,
  "lenTo": 0,
  "colorFrom": "BF92F9FF",
  "colorTo": "665C9FFF"
  },
  "despawnEffect": {
  "type": "ParticleEffect",
  "line": true,
  "particles": 6,
  "lifetime": 28,
  "length": 45,
  "cone": -360,
  "lenFrom": 8,
  "lenTo": 0,
  "lightColor": "BF92F9FF",
  "colorFrom": "BF92F9FF",
  "colorTo": "665C9FFF"
  },
  "pierceCap": 6,
  "pierce": true,
  "pierceBuilding": true,
  "frontColor": "FFFFFF",
  "backColor": "BF92F9FF"
	}
    }
    },
	{
	"name": "toxicity-energy-gun",
    "top": true,
    "mirror": true,
    "alternate": true,
    "y": -4,
    "x": 23,
    "rotate": true,
    "rotateSpeed": 3,
    "inaccuracy": 8,
    "shoot": {
    "type": "shootPattern",
    "shotDelay": 3,
    "shots": 7
    },
    "shootY": 8,
    "reload": 5,
    "recoil": 0,
    "velocityRnd": 0.4,
    "ejectEffect": "none",
    "shootSound": "none",
    "bullet": { 
    "type": "LiquidBulletType",
	"liquid": "acid",
	"status": "exogenesis-acidic",
	"lifetime": 50,
	"puddleSize": 8,
	"orbSize": 4.5,
	"speed": 5,
	"damage":  8   
    }
    }
    ]
}
