{
    "research": {
    "parent": "toxicity",
    "requirements": [
"graphite/1220",
"surge-alloy/1200",
"plastanium/940",
"phase-fabric/1000",
"voltirium-alloy/1000",
"copper/1540",
"lead/1540",
"silicon/1800"
    ]
    },
  "groundLayer": 75,
  "type": "legs",
	"speed": 0.44,
	"hitSize": 70,
	"health": 210000,
	"rotateSpeed": 1.2,
    "buildSpeed": 5,
	"armor": 62,
	"drag": 0.4,
	"canDrown": false,
	"range": 340,
	"maxRange": 340,
	"aimDst": 340,
	"flying": false,
	"targetAir": true,
    "maxStretch": 1.6,
	"legCount": 8,
	"legBaseOffset": 10,
    "legLengthScl": 0.98,
    "legPairOffset": 3,
	"legMoveSpace": 0.8,
	"legExtension": -10,
	"legLength": 122,
	"rippleScale": 7,
	"landShake": 3,
    "legSplashDamage": 320,
    "legSplashRange": 42,
	"visualElevation": 0.7,
	"allowLegStep": true,
	"hovering": true,
	"immunities": [
		"burning",
		"sapped",
		"slow",
		"melting"
	],
	"weapons": [
		{
    "name": "xenoct-plasma-gun",
    "reload": 30,
    "mirror": true,
    "x": 10,
    "y": 16,
    "shootY": 8,
    "recoil": 1.5,
    "shake": 2,
    "rotate": true,
    "shootSound": "laser",
    "rotateSpeed": 1.3,
    "shootCone": 45,
	"bullet": {
    "type": "LaserBulletType",
    "length": 250,
    "width": 35,
    "damage": 280,
    "hitEffect": {
    "type": "ParticleEffect",
    "line": true,
    "particles": 5,
    "lifetime": 20,
    "lightColor": "BF92F9FF",
    "length": 45,
    "cone": -360,
    "lenFrom": 5,
    "lenTo": 0,
    "colorFrom": "BF92F9FF",
    "colorTo": "665C9FFF"
    },
    "shootEffect": {
    "type": "ParticleEffect",
    "line": true,
    "particles": 5,
    "lifetime": 20,
    "length": 45,
    "lightColor": "BF92F9FF",
    "cone": -360,
    "lenFrom": 5,
    "lenTo": 0,
    "colorFrom": "BF92F9FF",
    "colorTo": "665C9FFF"
    },
    "colors":["665C9FAA", "BF92F9FF", "ffffff"],
    "lightColor": "BF92F9FF",
    "sideAngle": 90,
    "sideLength": 0,
    "sideWidth": 0
    }
  },
  {
    "name": "xenoct-plasma-gun",
    "reload": 32,
    "mirror": true,
    "x": 17,
    "y": 8,
    "shootY": 8,
    "recoil": 1.5,
    "shake": 2,
    "rotate": true,
    "shootSound": "laser",
    "rotateSpeed": 1.3,
    "shootCone": 45,
	"bullet": {
    "type": "LaserBulletType",
    "length": 250,
    "width": 35,
    "damage": 280,
    "hitEffect": {
    "type": "ParticleEffect",
    "line": true,
    "particles": 5,
    "lifetime": 20,
    "length": 45,
    "cone": -360,
    "lightColor": "BF92F9FF",
    "lenFrom": 5,
    "lenTo": 0,
    "colorFrom": "BF92F9FF",
    "colorTo": "665C9FFF"
    },
    "shootEffect": {
    "type": "ParticleEffect",
    "line": true,
    "particles": 5,
    "lifetime": 20,
    "length": 45,
    "cone": -360,
    "lightColor": "BF92F9FF",
    "lenFrom": 5,
    "lenTo": 0,
    "colorFrom": "BF92F9FF",
    "colorTo": "665C9FFF"
    },
    "colors":["665C9FAA", "BF92F9FF", "ffffff"],
    "lightColor": "BF92F9FF",
    "sideAngle": 90,
    "sideLength": 0,
    "sideWidth": 0
	}
	 },
	 {
  "name": "xenoct-laser",
  "y": -9,
  "x": 26,
  "shootY": 12.5,
  "ejectEffect": "none",
  "rotateSpeed": 2.5,
  "rotate": true,
  "alternate": false,
  "mirror": true,
  "shots": 1,
  "reload": 185,
  "recoil": 2,
  "shake": 0.1,
  "shootCone": 20,
  "cooldownTime": 145,
  "heatColor": "79F2EEFF",
  "shootSound": "beam",
  "chargeSound": "lasercharge2",
  "continuous": true,
    "bullet": { 
    "type": "ContinuousLaserBulletType",
    "damage": 81,
    "width": 6.5,
    "length": 270,
    "drawSize": 470,
    "lifetime": 310,
    "shake": 0.5,
    "despawnEffect": "smokeCloud",
    "smokeEffect": "smokeCloud",
    "largeHit": true,
    "status": "sapped",
    "statusDuration": 50,
    "colors":["8a73c6AA", "665C9Fff", "BF92F9FF", "ffffff"],
    "hitEffect": {
    "type": "ParticleEffect",
    "line": true,
    "particles": 5,
    "lifetime": 15,
    "length": 35,
    "cone": -360,
    "lenFrom": 8,
    "lenTo": 0,
    "colorFrom": "FFFFFF",
    "colorTo": "BF92F9FF"
      },
    "shootEffect": {
    "type": "ParticleEffect",
    "line": true,
    "particles": 12,
    "offset": 55,
    "lifetime": 13,
    "length": 35,
    "cone": -30,
    "lenFrom": 10,
    "lenTo": 0,
    "colorFrom": "FFFFFF",
    "colorTo": "BF92F9FF"
    }
    }
    },
  {
  "name": "xenoct-nuclear-weapon",
  "x": 48,
  "y": -1,
  "reload": 330,
  "mirror": true,
  "alternate": true,
  "rotate": false,
  "top": false,
  "shootY": 27,
  "cooldownTime": 330,
  "shots": 1,
  "shake": 8,
  "shootSound": "laserblast",
  "ejectEffect": "none",
  "bullet": { 
  "type": "BasicBulletType",
  "sprite" : "circle-bullet",
  "status" : "exogenesis-nuclear-toxicity",
  "statusDuration": 200,
  "lightRadius": 80,
  "lightColor": "BF92F9FF",
  "damage": 580,
  "scaleVelocity": "true",
  "splashDamage": 3750,
  "splashDamageRadius": 110,	
  "height": 28.5,
  "width": 28.5,			
  "speed": 6,
  "hitSound": "plasmaboom",
  "lifetime": 110,
  "homingPower": 0.00856,
  "homingRange": 160,
  "shrinkX": 0,
  "shrinkY": 0,
  "hitEffect": "reactorExplosion",
  "despawnEffect": "reactorExplosion",
  	"trailEffect": {
  "type": "ParticleEffect",
  "particles": 7,
  "length": 9,
  "baseLength": 9,
  "lifetime": 25,
  "interp": "circleOut",
  "cone": 360,
  "offset": 5,
  "lightColor": "BF92F9FF",
  "colorFrom": "fff8e8",
  "colorTo": "BF92F9FF",
  "sizeFrom": 7,
  "sizeTo": 0
	},
  "trailChance": 1,
  "trailParam": 5,
  "trailLength": 19,
  "trailColor": "BF92F9FF",
  "trailWidth": 9,
  "lightning": 9,
  "lightningDamage": 125,
  "lightningColor": "BF92F9FF",
  "lightningLength": 12,
  "lightningCone": 360,
  "lightningLengthRand": 29,
  "absorbable": false,
  "hittable": false,
  "buildingDamageMultiplier": 0.6,
  "smokeEffect": "none",
  "frontColor": "ffffff",
  "backColor": "BF92F9FF"
	  }
    }
  ]
}
