{
"localizedName": "T1-S Zeus",
"description": "An expermental titan class tech  made by malis. The Tyr is large spider walker equipped with purply energy based weaponry, it highly excels in breaking down defeneces weakning all power based systems. fire a laser fueled by cyanogenic based fuel.",
"research": {
"parent": "dagger",
"requirements": [
"graphite/1220",
"surge-alloy/1200",
"plastanium/940",
"phase-fabric/1000",
"voltirium-alloy/1000",
"copper/1540",
"lead/1540",
"silicon/1800"
    ]
    },
"template": "MissileUnitType", 
"drawBody": false,
"drawCell": false,
    "type": "missile",
    "speed": 0.22,
    "rotateSpeed": 0,
    "hitSize": 56,
    health": 58000,
    "engineSize": 0
  "envEnabled": -1
"envDisabled": 4
    "weapons": [
	{
   "name": "energy-bombarder",
    "shootCone": 25,
    "alternate": true,
    "mirror": true,
    "top": true,
    "rotate": true,
    "rotateSpeed": 2,
    "layerOffset": 1,
    "reload": 120,
    "inaccuracy": 10,
    "velocityRnd": 0.4,
    "shootY": 20.5,
    "shootSound": "none",
    "bullet": {
    }
    }
    ]
}