{
    "type": "ItemTurret",
	"reload": 265,
	"range": 540,
	"heatColor": "A9D8FFFF",
	"size": 7,
	"maxAmmo": "48",
	"health": 2650,
	"rotateSpeed": 1,
	"shake": 8,
	"shootSound": "artillery",
	"ammoPerShot": 20,
    "recoil": 5,
    "drawer": {
    "type": "drawTurret",
    "basePrefix": "genesux-"
    },
	"ammoTypes": {
    "omega-blue": {
    "speed": 3,
    "type":"ArtilleryBulletType",
    "lifetime": 80,
"status": "exogenesis-high-energy-blast",
"statusDuration": 200,
    "splashDamage" : 3800,
    "splashDamageRadius" : 70,	
	"homingPower": 0.0200,
    "homingRange": 128,
    "hitSound": "plasmaboom",
    "width": 40,
    "height": 40,
    "trailParam": 5,
    "trailLength": 13,
    "trailWidth": 8,
    "trailInterval": 30,
    "trailChance": 0,
    "trailRotation": true,
    "trailEffect": "none",
    "frontColor": "A9D8FFFF",
    "backColor": "66B1FFFF",
    "trailColor": "66B1FFFF",
    "shootEffect": {
    "type": "multiEffect",
    "effects": [
    {
    "type": "ParticleEffect",
    "particles": 20,
    "length": 80,
    "lifetime": 36,
    "interp": "circleOut",
    "sizeInterp": "pow5Out",
    "cone": 20,
    "colorFrom": "A9D8FFFF",
    "colorTo": "66B1FF10",
    "sizeFrom": 6.5,
    "sizeTo": 3
    },
    {
    "type": "ParticleEffect",
    "particles": 1,
    "sizeFrom": 30,
    "sizeTo": 0,
    "length": 0,
    "lightColor": "73FFAEFF",
    "lifetime": 30,
    "layer": 109,
    "region": "exogenesis-star",
    "colorFrom": "A9D8FFFF",
    "colorTo": "66B1FFFF"
    },
    {
    "type": "WaveEffect",
    "lifetime": 25,
    "sizeFrom": 0,
    "sizeTo": 30,
    "strokeFrom": 3.5,
    "strokeTo": 0,
    "colorFrom": "A9D8FFFF",
    "colorTo": "66B1FFFF"
    }
    ]
    },
    "hitEffect": {
    "type": "multiEffect",
    "effects": [
    {
    "type": "ParticleEffect",
    "particles": 1,
    "sizeFrom": 45,
    "sizeTo": 0,
    "length": 0,
    "spin": 3,
    "interp": "swing",
    "lifetime": 60,
    "region": "exogenesis-star",
    "lightColor": "A9D8FFFF",
    "colorFrom": "A9D8FFFF",
    "colorTo": "66B1FFFF"
    },
    {
    "type": "ParticleEffect",
    "line": true,
    "particles": 20,
    "lifetime": 30,
    "length": 125,
    "cone": -360,
    "lenFrom": 9,
    "lenTo": 0,
    "strokeFrom": 6,
    "strokeTo": 0,
    "colorFrom": "A9D8FFFF",
    "colorTo": "66B1FFFF"
    },
    {
    "type": "ParticleEffect",
    "lightOpacity": 0,
    "particles": 20,
    "length": 100,
    "baseLength": 10,
    "lifetime": 60,
    "spin": 5,
    "region": "exogenesis-star",
    "interp": "circleOut",
    "layer": 106,
    "sizeFrom": 8,
    "sizeTo": 1,
    "colorFrom": "A9D8FFFF",
    "colorTo": "66B1FF10"
    },
    {
    "type": "ParticleEffect",
    "lightOpacity": 0,
    "particles": 40,
    "length": 100,
    "baseLength": 10,
    "lifetime": 140,
    "interp": "swing",
    "layer": 106,
    "sizeFrom": 27,
    "sizeTo": 15,
    "colorFrom": "A9D8FFFF",
    "colorTo": "66B1FF10"
    },
    {
    "type": "WaveEffect",
    "lifetime": 20,
    "sizeFrom": 0,
    "sizeTo": 65,
    "strokeFrom": 4,
    "strokeTo": 0,
    "lightColor": "A9D8FFFF",
    "colorFrom": "A9D8FFFF",
    "colorTo": "66B1FFFF"
    },
    {
    "type": "WaveEffect",
    "lifetime": 20,
    "sizeFrom": 0,
    "sizeTo": 85,
    "strokeFrom": 6,
    "strokeTo": 0,
    "lightColor": "A9D8FFFF",
    "colorFrom": "A9D8FFFF",
    "colorTo": "66B1FFFF"
    }
    ]
    },
    "fragBullets": 24,
    "fragLifeMin": 0.5,
	"fragAngle": 35,
	"fragBullet": {
	"type": "BasicBulletType",
    "sprite": "exogenesis-star-bullet",
    "absorbable": true,
    "shootEffect": {
    "type": "ParticleEffect",
    "particles": 30,
    "length": 40,
    "lifetime": 46,
    "interp": "circleOut",
    "cone": 20,
    "lightColor": "A9D8FFFF",
    "colorFrom": "A9D8FFFF",
    "colorTo": "66B1FFFF",
    "sizeFrom": 5,
    "sizeTo": 0
    },
    "shrinkY": 0,
    "shrinkX": 0,
    "speed": 3,
    "lifetime": 47,
    "splashDamage" : 300,
    "splashDamageRadius" : 40,	
    "damage": 237,
    "lightColor": "A9D8FFFF",
    "trailColor": "66B1FFFF",
    "trailParam": 5,
    "trailLength": 10,
    "trailWidth": 3,
    "trailEffect": "none",
    "status": "freezing",
    "statusDuration": 70,
    "height": 15,
    "width": 15,
    "hitEffect": {
    "type": "multiEffect",
    "effects": [
    {
    "type": "ParticleEffect",
    "particles": 1,
    "sizeFrom": 15,
    "sizeTo": 0,
    "length": 0,
    "spin": 3,
    "interp": "swing",
    "lifetime": 60,
    "region": "exogenesis-star",
    "lightColor": "A9D8FFFF",
    "colorFrom": "A9D8FFFF",
    "colorTo": "66B1FFFF"
    },
    {
    "type": "WaveEffect",
    "lifetime": 20,
    "sizeFrom": 0,
    "sizeTo": 35,
    "strokeFrom": 4,
    "strokeTo": 0,
    "lightColor": "A9D8FFFF",
    "colorFrom": "A9D8FFFF",
    "colorTo": "66B1FFFF"
    }
    ]
    },
    "despawnEffect": {
    "type": "multiEffect",
    "effects": [
    {
    "type": "ParticleEffect",
    "particles": 1,
    "sizeFrom": 15,
    "sizeTo": 0,
    "length": 0,
    "spin": 3,
    "interp": "swing",
    "lifetime": 60,
    "region": "exogenesis-star",
    "lightColor": "A9D8FFFF",
    "colorFrom": "A9D8FFFF",
    "colorTo": "66B1FFFF"
    },
    {
    "type": "WaveEffect",
    "lifetime": 20,
    "sizeFrom": 0,
    "sizeTo": 35,
    "strokeFrom": 4,
    "strokeTo": 0,
    "lightColor": "A9D8FFFF",
    "colorFrom": "A9D8FFFF",
    "colorTo": "66B1FFFF"
    }
    ]
    },
    "frontColor": "A9D8FFFF",
    "backColor": "66B1FFFF"
    }
    }
    },
	"requirements": [
        "terrilium/470",
        "thorium/540",
        "urbium/400",
        "osmium/360",
        "stellar-steel/800"
	],
	"category": "turret",
	"research": "c-cosmos"
}
