{
    "type": "ItemTurret",
    "researchCostMultiplier": 0.9,
    "squareSprite": false,
    "outlineColor": "36363CFF",
    "size": 4,
    "health": 1600,
    "reload": 70,
    "range": 105,
    "velocityRnd": 0.25,
    "shoot": {
    "type": "shootSpread",
    "shots": 18,
    "spread": 7
   },
    "drawer": {
    "type": "drawTurret",
    "basePrefix": "genesux-",
         "parts": [
   {
         "type": "RegionPart",
         "suffix": "-side",
         "moveY": -2,
          "moveRot": -19,
         "mirror": true,
         "progress": "recoil"
         }
         ]
         },
    "shootCone": 20,
    "recoil": 3,
    "rotateSpeed": 2,
    "shootSound": "shotgun",
	"ammoTypes": {
    "omega-blue": {
    "type": "basicBulletType",
    "status": "freezing",
    "lifetime": 10,
    "speed": 9,
    "damage": 120,
    "height":20,
    "width": 25,
    "trailColor": "66B1FFFF",
    "trailLength": 6,
    "trailWidth": 5,
     "despawnHit": true,
       "hitEffect": {
        "type": "multiEffect",
        "effects": [
        {
       "type": "ParticleEffect",
       "line": true,
       "particles": 10,
       "lifetime": 45,
       "interp": "circleOut",
       "length": 75,
       "cone": -40,
       "strokeTo": 0,
       "lightColor": "A9D8FFFF",
       "lenFrom": 8,
       "lenTo": 0,
       "strokeFrom": 2,
       "colorFrom": "A9D8FFFF",
       "colorTo": "66B1FFFF"
        },
        {
        "type": "ExplosionEffect",  
        "waveColor": "66B1FFFF",
        "sparkColor": "66B1FFFF",
        "smokes": 4,
        "smokeSize": 4.7,	
        "smokeSizeBase": 1.6,
        "smokeRad": 36,	
        "waveLife": 10,
        "waveStroke": 4.1,	
        "waveRad": 25,
        "waveRadBase": 2.0,
        "sparkLen": 7,
        "sparks": 12 
        }
        ]
        },
    "frontColor": "ffffffff",
    "backColor": "66B1FFFF"
     },
    "terrilium": {
    "type": "basicBulletType",
    "status": "freezing",
    "lifetime": 10,
    "speed": 9,
    "damage": 50,
    "trailColor": "ADFFE4FF",
    "trailLength": 6,
    "trailWidth": 5,
     "height":20,
    "width": 25,
      "hitEffect": {
        "type": "multiEffect",
        "effects": [
        {
       "type": "ParticleEffect",
       "line": true,
       "particles": 10,
       "lifetime": 45,
       "interp": "circleOut",
       "length": 75,
       "cone": -40,
       "strokeTo": 0,
       "lightColor": "ADFFE4FF",
       "lenFrom": 8,
       "lenTo": 0,
       "strokeFrom": 2,
       "colorFrom": "ADFFE4FF",
       "colorTo": "ADFFE4FF"
        },
        {
        "type": "ExplosionEffect",  
        "waveColor": "ADFFE4FF",
        "sparkColor": "ADFFE4FF",
        "smokes": 4,
        "smokeSize": 4.7,	
        "smokeSizeBase": 1.6,
        "smokeRad": 36,	
        "waveLife": 10,
        "waveStroke": 4.1,	
        "waveRad": 25,
        "waveRadBase": 2.0,
        "sparkLen": 7,
        "sparks": 12 
        }
        ]
        },
    "frontColor": "ffffffff",
    "backColor": "ADFFE4FF"
    }
    },
    "requirements": [
        "stellar-steel/470",
        "dytrix/500",
        "omega-blue/300",
        "osmium/420",
        "silicon/340"
    ],
    "envRequired": 0,
    "enDisabled": 4,
    "category": "turret",
    "research": "c-cosmos"
}
