{
    "type": "itemTurret",
    "health": 1900,
    "coolantMultiplier": 1.0,
    "reload": 98,
    "outlineColor": "252525",
    "ammoUseEffect": "casing4",
    "range": 450,
    "recoil": 4,
   "shoot": {
    "type": "shootSpread",
    "shots": 17,
    "spread": 7
   },
     "shootCone": 20,
     "shootY": 11,
    "shake": 3,
    "size":  5,
     "velocityRnd": 0.22,
    "shootSound": "shootBig",
   "drawer": {
   "type": "drawTurret",
   "basePrefix": "solran-"
   "parts": [
   {
   "type": "RegionPart",
   "suffix": "-barrel",
   "under": false,
   "moveY": -5,
   "mirror": false,
   "progress": "recoil"
   }
   ]
   },
    "ammoTypes": {
    "volcanite": {
    "type": "BasicBulletType",
    "speed": 7,
    "height":25,
    "width": 30,
    "lifetime": 15,
    "weaveScale": 2,
    "weaveMag": 2,
    "damage": 90,
    "knockback": 1,
    "frontColor": "FFFFFFF",
    "backColor": "403F3FFF",
    "shootEffect": "none",
    "hitEffect": "none"
    "trailColor": "403F3FFF",
    "trailLength": 8,
    "trailWidth": 5
    },
    "silicon": {
    "type": "BasicBulletType",
    "speed": 7,
    "weaveScale": 2,
    "weaveMag": 2,
   "height":25,
    "width": 30,
    "lifetime": 15,
    "damage": 100,
    "knockback": 3,
    "homingPower": 0.08,
    "homingRange": 70,
    "frontColor": "FFFFFFF",
    "backColor": "8E9097FF",
    "shootEffect": "none",
    "hitEffect": "none"
    "trailColor": "8E9097FF",
    "trailLength": 8,
    "trailWidth": 5
    },
    "primal-red": {
     "type": "BasicBulletType",
    "status": "exogenesis-molten1",
    "statusDuration": "100",
    "speed": 7,
    "weaveScale": 2,
    "weaveMag": 2,
     "height":25,
    "width": 30,
    "lifetime": 15,
    "damage": 140 ,
    "splashDamage": 150,
    "splashDamageRadius": 50,
    "knockback": 5,
    "frontColor": "FFC1BBFF",
    "backColor": "FF5845FF",
    "shootEffect": "none",
    "hitEffect": "none"
    "trailColor": "FF5845FF",
    "trailLength": 8,
    "trailWidth": 5
    "spawnBullets": [
    {
    "fragBullets": 2,
    "fragRandomSpread": 7,
    "fragBullet": {
    "type": "BulletType",
    "shootEffect": "none",
    "despawnEffect": "none",
    "lifetime": 0,
    "fragBullets": 2,
    "fragRandomSpread": 15,
    "fragBullet": {
    "type": "basicBulletType",
    "width": 11,
    "height": 8,
    "frontColor": "FFC1BBFF",
    "backColor": "FF5845FF",
    "lifetime": 12,
    "speed": 7.5,
    "damage": 90,
    "shrinkY": 0,
    "shrinkX": 0,
    "shootEffect": "none",
    "despawnEffect": "none",
    "hitEffect": "none",
    "trailColor": "FF5845FF",
    "trailLength": 3,
    "trailWidth": 2.5,
    }
    },
    "type": "BulletType",
    "lifetime": 0
    }
    ]
    }
    },
    "consumes": {
	"liquid": {
	"liquid": "slag",
	"optional": true,
	"update": false,
	"amount": 0.4
	}
	},
	"requirements": [
	"tungsten/350",
        "silicon/790",
        "thorium/470",
        "volcanite/800",
        "beryllium/800",
        "primal-red/600"
	],
	"category": "turret",
	"research": "r-demon"
}
