{
    "type": "ItemTurret",
	"reload": 300,
	"range": 300,
	"minRange": 70,
	"size": 3,
	"maxAmmo": "50",
        "outlineColor": "252525",
	"health": 2650,
	"rotateSpeed": 2,
	"shake": 4,
	"shootSound": "artillery",
	"ammoPerShot": 10,
    "drawer": {
    "type": "drawTurret",
    "basePrefix": "solran-"
    },
    "recoil": 5,
	"ammoTypes": {
    "coal": {
    "speed": 2.5,
    "type":"ArtilleryBulletType",
    "lifetime": 150,
    "splashDamage" : 200,
    "splashDamageRadius" : 50,	
    "statusDuration": 300,
    "trailChance": 1,
    "status": "burning",
    "trailMult": 2,	
    "trailSize": 5,
    "width": 18,
    "height": 22,
    "shootEffect": "shootBig2",
    "hitEffect": "massiveExplosion",
    "despawnEffect": "massiveExplosion",
	"incendAmount": 500,
	"incendSpread": 10,
	"incendChance": 8,
    "hitSize": 16,
    "fragBullets": 15,
    "fragLifeMin": 0.1,
	"fragBullet": {
	"speed": 2.5,
    "type":"ArtilleryBulletType",
    "lifetime": 60,
    "splashDamage" : 100,
    "splashDamageRadius" : 50,	
    "statusDuration": 300,
    "trailChance": 1,
    "status": "burning",
    "trailMult": 2,	
    "trailSize": 5,
    "width": 14,
    "height": 18,
    "hitEffect": "explosion",
    "despawnEffect": "explosion",
	"incendAmount": 500,
	"incendSpread": 10,
	"incendChance": 8,
    "hitSize": 16
	}
	},
    "pyratite": {
    "speed": 2.5,
    "type":"ArtilleryBulletType",
    "lifetime": 150,
    "splashDamage" : 170,
    "splashDamageRadius" : 75,	
    "statusDuration": 300,
    "trailChance": 1,
    "status": "burning",
    "trailMult": 2,	
    "trailSize": 5,
    "width": 18,
    "height": 22,
    "frontColor": "ffffa3",
    "backColor": "ffcd66",
    "trailColor": "ffcd66",
    "shootEffect": "shootBig2",
    "hitEffect": "flakExplosionBig",
    "despawnEffect": "flakExplosionBig",
	"incendAmount": 500,
	"incendSpread": 10,
	"incendChance": 8,
    "hitSize": 16,
    "fragBullets": 15,
    "fragLifeMin": 0.1,
	"fragBullet": {
	"speed": 2.5,
    "type":"ArtilleryBulletType",
    "lifetime": 60,
    "splashDamage" : 65,
    "splashDamageRadius" : 75,	
    "statusDuration": 300,
    "trailChance": 1,
    "status": "burning",
    "frontColor": "ffffa3",
    "backColor": "ffcd66",
    "trailColor": "ffcd66",
    "width": 14,
    "height": 18,
    "hitEffect": "flakExplosionBig",
    "despawnEffect": "flakExplosionBig",
	"incendAmount": 500,
	"incendSpread": 10,
	"incendChance": 8,
    "hitSize": 16
     }
    },
    "blast-compound": {
    "speed": 2.5,
    "type":"ArtilleryBulletType",
    "lifetime": 150,
    "splashDamage" : 480,
    "splashDamageRadius" : 50,	
    "statusDuration": 300,
    "trailChance": 1,
    "status": "blasted",
    "trailMult": 2,	
    "trailSize": 5,
    "width": 18,
    "height": 22,
    "trailColor": "EA8878",
    "frontColor": "FEB380",
    "backColor": "EA8878",
    "shootEffect": "shootBig2",
    "hitEffect": {
    "type": "multiEffect",
    "effects": [
    {
    "type": "ParticleEffect",
    "lightOpacity": 0,
    "particles": 15,
    "length": 50,
    "baseLength": 10,
    "lifetime": 140,
    "interp": "circleOut",
    "sizeInterp": "pow5In",
    "sizeFrom": 13,
    "sizeTo": 1,
    "colorFrom": "3F3F3FFF",
    "colorTo": "3F3F3FD8"
    },
    {
    "type": "ParticleEffect",
    "line": true,
    "particles": 20,
    "lifetime": 30,
    "length": 125,
    "cone": -360,
    "lenFrom": 9,
    "lenTo": 9,
    "strokeFrom": 6,
    "strokeTo": 0,
    "colorFrom": "FEB380",
    "colorTo": "FEB380"
    },
    {
    "type": "WaveEffect",
    "lifetime": 20,
    "sizeFrom": 0,
    "sizeTo": 85,
    "interp": "circleOut",
    "strokeFrom": 6,
    "strokeTo": 0,
    "lightColor": "FEB380",
    "colorFrom": "FEB380",
    "colorTo": "FEB380"
    }
    ]
    },
    "despawnEffect": {
    "type": "multiEffect",
    "effects": [
    {
    "type": "ParticleEffect",
    "lightOpacity": 0,
    "particles": 15,
    "length": 50,
    "baseLength": 10,
    "lifetime": 140,
    "interp": "circleOut",
    "sizeInterp": "pow5In",
    "sizeFrom": 13,
    "sizeTo": 1,
    "colorFrom": "3F3F3FFF",
    "colorTo": "3F3F3FD8"
    },
    {
    "type": "ParticleEffect",
    "line": true,
    "particles": 20,
    "lifetime": 30,
    "length": 125,
    "cone": -360,
    "lenFrom": 9,
    "lenTo": 9,
    "strokeFrom": 6,
    "strokeTo": 0,
    "colorFrom": "FEB380",
    "colorTo": "FEB380"
    },
    {
    "type": "WaveEffect",
    "lifetime": 20,
    "sizeFrom": 0,
    "sizeTo": 85,
    "interp": "circleOut",
    "strokeFrom": 6,
    "strokeTo": 0,
    "lightColor": "FEB380",
    "colorFrom": "FEB380",
    "colorTo": "FEB380"
    }
    ]
    },
    "hitSize": 16,
    "fragBullets": 15,
    "fragLifeMin": 0.1,
	"fragBullet": {
	"speed": 2.5,
    "type":"ArtilleryBulletType",
    "lifetime": 70,
    "splashDamage" : 235,
    "splashDamageRadius" : 50,	
    "statusDuration": 300,
    "trailChance": 1,
    "status": "burning",
    "trailColor": "EA8878",
    "frontColor": "FEB380",
    "backColor": "EA8878",
    "width": 14,
    "height": 18,
    "hitEffect": {
    "type": "multiEffect",
    "effects": [
    {
    "type": "ParticleEffect",
    "lightOpacity": 0,
    "particles": 15,
    "length": 50,
    "baseLength": 10,
    "lifetime": 140,
    "interp": "circleOut",
    "sizeInterp": "pow5In",
    "sizeFrom": 9,
    "sizeTo": 0,
    "colorFrom": "3F3F3FFF",
    "colorTo": "3F3F3FD8"
    },
    {
    "type": "ParticleEffect",
    "line": true,
    "particles": 20,
    "lifetime": 30,
    "length": 85,
    "cone": -360,
    "lenFrom": 6,
    "lenTo": 6,
    "strokeFrom": 5,
    "strokeTo": 0,
    "colorFrom": "FEB380",
    "colorTo": "FEB380"
    },
    {
    "type": "WaveEffect",
    "lifetime": 20,
    "sizeFrom": 0,
    "sizeTo": 45,
    "interp": "circleOut",
    "strokeFrom": 6,
    "strokeTo": 0,
    "lightColor": "FEB380",
    "colorFrom": "FEB380",
    "colorTo": "FEB380"
    }
    ]
    },
    "despawnEffect": {
    "type": "multiEffect",
    "effects": [
    {
    "type": "ParticleEffect",
    "lightOpacity": 0,
    "particles": 15,
    "length": 50,
    "baseLength": 10,
    "lifetime": 140,
    "interp": "circleOut",
    "sizeInterp": "pow5In",
    "sizeFrom": 9,
    "sizeTo": 0,
    "colorFrom": "3F3F3FFF",
    "colorTo": "3F3F3FD8"
    },
    {
    "type": "ParticleEffect",
    "line": true,
    "particles": 20,
    "lifetime": 30,
    "length": 85,
    "cone": -360,
    "lenFrom": 6,
    "lenTo": 6,
    "strokeFrom": 5,
    "strokeTo": 0,
    "colorFrom": "FEB380",
    "colorTo": "FEB380"
    },
    {
    "type": "WaveEffect",
    "lifetime": 20,
    "sizeFrom": 0,
    "sizeTo": 45,
    "interp": "circleOut",
    "strokeFrom": 6,
    "strokeTo": 0,
    "lightColor": "FEB380",
    "colorFrom": "FEB380",
    "colorTo": "FEB380"
    }
    ]
    },
    "hitSize": 16
	  }
    }
    },
    "consumes": {
	"liquid": {
	"liquid": "slag",
	"optional": true,
	"update": false,
	"amount": 0.4
	}
	},
	"requirements": [
        "graphite/470",
        "osmium/300",
        "volcanite/300",
        "plastanium/600",
        "titanium/230"
	],
	"category": "turret",
	"research": "r-devil"
}
