{
    "type": "MendProjector",
    "health": 3960,
    "size": 7,
     "researchCostMultiplier": 0.5,
    "hasPower": true,
    "baseColor": "98ffa9",
    "phaseColor": "ffd59e",
    "healPercent": 104,
    "phaseBoost": 30,
    "range": 285,
    "reload": 250,
    "phaseRangeBoost": 30,
    "itemCapacity": 20,
    "useTime": 450,
    "consumes": {
		"power": 38,
		"items": {
			"items": [
            "phase-fabric/5"
			],
			"booster": true,
			"optional": true
		}
    },
    "requirements": [
		"thorium/500",
        "plastanium/530",
        "gamma-green/540",
        "osmium/850",
        "silicon/800",
        "phase-fabric/400"
    ],
    "category": "effect",
    "research": "mend-projector"
}
