{
"type": "UnitFactory",
"researchCostMultiplier": 0.3,
"size": 3,
"consumes": {
"power": 5
},
"plans": [
{
    "unit": "challenge",
    	"requirements": [
		{"item": "oltuxium", "amount": 15},
		{"item": "silicon", "amount": 25},
		{"item": "coal", "amount": 10}
       ],
    "time": 480
  },
  {
    "unit": "conflict",
    	"requirements": [
		{"item": "oltuxium", "amount": 15},
		{"item": "silicon", "amount": 25}
    ],
    "time": 480
  }
],
    "requirements": [
	{"item": "silicon", "amount": 580},
	{"item": "graphite", "amount": 180},
	{"item": "oltuxium", "amount": 180}
],
"category": "units",
"research": "team-elecian"
}
