{
"type": "UnitAssembler",
"researchCostMultiplier": 0.3,
"size": 9,
"areaSize": 15,
"regionSuffix": "-dark",
"droneType": "drone-t",
"dronesCreated": 4	
"droneConstructTime": 90,
"consumes": {
"power": 5
},
"plans": [
{
    "unit": "b06-eros",
    	"requirements": [
        "exogenesis-stellar-wall-large/18",
        "exogenesis-b-large-nexus-wall/8",
        "exogenesis-b01-orion/20"
       ],
    "time": 400
  },
  {
    "unit": "b07-atlas",
    	"requirements": [
        "exogenesis-stellar-wall-large/20",
        "exogenesis-b-gigantic-nexus-wall/2",
        "exogenesis-b03-kuiper/3"
       ],
    "time": 400
  }
],
    "requirements": [
	{"item": "silicon", "amount": 580},
	{"item": "graphite", "amount": 180},
	{"item": "astrolite", "amount": 180},
	{"item": "titanium", "amount": 160}
],
"category": "units",
"research": "team-genesux"
}