{
	"type": "Reconstructor",
	"size": 3,
	"constructTime": 600,
	"consumes": {
		"power": 8,
		"items": {
			"items": [
				{"item": "silicon", "amount": 80},
				{"item": "graphite", "amount": 120},
				{"item": "metaglass", "amount": 80}
			]
		}
	},
	"requirements": [
		{"item": "silicon", "amount": 240},
		{"item": "graphite", "amount": 180},
		{"item": "lead", "amount": 160}
	],
	"upgrades": [
		["b01-orion", "b02-galileo"],
		["b01-majoris", "b02-gacrux"],
		["sol", "corona"],
		["heat", "molten"],
		["pteris", "irises"],
		["challenge", "disrespect"],
		["conflict", "dispute"]
	],
	"category": "units",
	"research": "additive-reconstructor"
}
