{
	"type": "Reconstructor",
	"size": 5,
	"constructTime": 800,
	"consumes": {
		"power": 13,
		"items": {
			"items": [
				{"item": "silicon", "amount": 640},
				{"item": "osmium", "amount": 540},
				{"item": "titanium", "amount": 480},
				{"item": "lead", "amount": 250}
			]
		}
	},
	"requirements": [
		{"item": "osmium", "amount": 350},
		{"item": "silicon", "amount": 180},
		{"item": "metaglass", "amount": 280},
		{"item": "titanium", "amount": 100}
	],
	"upgrades": [
		["b02-galileo", "b03-kuiper"],
		["b02-gacrux", "b03-kentaurus"],
		["corona", "photosphere"],
		["molten", "magma"],
		["irises", "aster"],
		["disrespect", "strife"],
		["dispute", "debate"]
	],
	"category": "units",
	"research": "multiplicative-reconstructor"
}
