{
	"type": "Reconstructor",
	"size": 11,
	"constructTime": 3000,
	"consumes": {
		"power": 28,
		"items": {
			"items": [
				{"item": "alpha-yellow", "amount":1000},
				{"item": "primal-red", "amount": 1000},
				{"item": "gamma-green", "amount": 1000},
				{"item": "osmium", "amount": 1500},
				{"item": "phase-fabric", "amount": 1720},
				{"item": "silicon", "amount": 1520},
				{"item": "plastanium", "amount": 2700}
			]
		}
	},
	"requirements": [
		{"item": "phase-fabric", "amount": 1250},
		{"item": "osmium", "amount": 1167},
		{"item": "plastanium", "amount": 1280},
	    {"item": "titanium", "amount": 950},
		{"item": "silicon", "amount": 1200},
		{"item": "surge-alloy", "amount": 1280}
	],
	"upgrades": [
		["b05-sirius", "b06-eros"],
		["b05-centauri", "b06-altair"],
		["core", "Fusion"],
		["eruption", "volcanic"],
		["hostile", "assault"],
		["disaccord", "contention"]
	],
	"category": "units",
	"research": "hyperius-reconstructor"
}
