{
  "research": {
  "parent": "GenFactory",
  "requirements": [
  "astrolite/100",
  "silicon/200"
  ]
  },

	"outlineColor": "36363c",
  "type": "legs",
	"speed": 0.7,
	"hitSize": 10,
	"health": 360,
	"faceTarget": true,
	"armor": 2,
	"range": 180,
	"targetAir": false,
	"rotateSpeed": 3,
            "legMoveSpace": 1,
            "legMaxLength": 1.1,
            "legMinLength": 0.2,
            "legLengthScl": 0.96,
            "legForwardScl": 1.1,
            "legPhysicsLayer": false,
         "legGroupSize": 4,
         "legCount": 8,
         "legExtension": -2,
        "legContinuousMove": true,
        "lockLegBase": true,
        "rippleScale": 0.2,
	"legBaseOffset": 5,
	"legLength": 9, 

	"allowLegStep": true,
	"hovering": true,
	"immunities": [
		"freezing"
	],
	"weapons": [
		{
    "name": "orion",
    "reload": 100,
    "mirror": false,
    "x": 0,
"smoothReloadSpeed": 0.15,
  "shootWarmupSpeed": 0.05,
  "minWarmup": 0.9,
    "shootY": 3,
    "recoil": 0,
    "shake": 1,
  "parts": [
         {
         "type": "RegionPart",
          "suffix": "-blade",
          "moveRot": -22,
          "mirror": true,
           "children": [
           {
           "type": "RegionPart",
           "suffix": "-blade-glow",
           "blending": "additive",
           "color": "A9D8FF00",
            "colorTo": "A9D8FF80",
           "outline": false,
           "mirror": true
           }
           ],
          "progress": {
          "type": "warmup",
          "op": "blend",
          "other": "reload",
          "amount": 0.5
          }
          },
         {
        "type": "shapePart",
        "hollow": true,
        "circle": true,
         "y": 3,
        "layer": 110,
         "color": "66B1FFff",
         "stroke": 0,
        "strokeTo": 1,
        "radiusTo": 3,
         "radius": 3
        },
        {
        "type": "HaloPart",
        "y": 3,
        "radius": 2,
        "tri": true,
        "layer": 110,
        "color": "66B1FFff",
        "haloRotateSpeed": -1,
        "haloRadius": 3,
        "haloRadiusTo": 3,
        "stroke": 0,
        "strokeTo": 2,
        "shapes": 2,
        "triLengthTo": 3,
        "triLength": 0
           },
           {
      "type": "HaloPart",
        "y": 3,
        "radius": 2,
        "tri": true,
        "layer": 110,
         "color": "66B1FFff",
          "haloRotateSpeed": 1,
           "haloRadius": 3,
         "haloRadiusTo": 3,
        "stroke": 0,
        "strokeTo": 2,
         "shapes": 2,
        "triLengthTo": 3,
         "triLength": 0
}
         ],
    "top": false,
    "rotate": false,
    "shootSound": "blaster",
    "shootCone": 45,
    "bullet": {
    "type": "EmpBulletType",
    "width": 8,
    "height": 11,
    "sprite": "circle-bullet",
    "frontColor": "FFFFFF",
    "backColor": "A9D8FFFF",
    "lifetime": 60,
    "speed": 6,
    "damage": 25,
    "recoil": 0.6,
    "splashDamage": 15,
    "splashDamageRadius": 40,
    "shrinkY": 0,
    "shrinkX": 0,
    "radius": 40,
    "hitPowerEffect": {
    "type": "ParticleEffect",
    "line": true,
    "particles": 6,
    "lifetime": 22,
    "length": 80,
    "cone": -360,
    "lenFrom": 6,
    "lenTo": 6,
    "colorFrom": "FFFFFFF",
    "colorTo": "A9D8FFFF"
    },
    "hitColor": "A9D8FFFF",
    "timeIncrease": 0.5,
    "powerDamageScl": 0.3,
    "powerSclDecrease": 0.1,
    "unitDamageScl": 0.3,
    "status": "freezing",
    "statusDuration": 100,
    "shootEffect": "lightningShoot",
    "homingPower": 0.0678,
    "homingRange": 40,
    "despawnEffect": {
    "type": "ParticleEffect",
    "line": true,
    "particles": 7,
    "lifetime": 20,
    "offset": 50,
    "length": 55,
    "cone": -360,
    "lenFrom": 6,
    "lenTo": 0,
    "colorFrom": "A9D8FFFF",
    "colorTo": "66B1FFFF"
    },
    "hitEffect": {
    "type": "ParticleEffect",
    "line": true,
    "particles": 7,
    "lifetime": 20,
    "offset": 50,
    "length": 55,
    "cone": -360,
    "lenFrom": 6,
    "lenTo": 0,
    "colorFrom": "A9D8FFFF",
    "colorTo": "66B1FFFF"
    },
    "trailColor": "A9D8FFFF",
    "trailParam": 6,
    "trailLength": 10,
    "trailWidth": 2,
    "trailChance": 0.3,
    "trailEffect": {
    "type": "ParticleEffect",
    "particles": 13,
    "length": 2.5,
    "baseLength": 2.5,
    "lifetime": 20,
    "interp": "circleOut",
    "cone": 360,
    "offset": 5,
    "colorFrom": "A9D8FFFF",
    "colorTo": "66B1FFAA",
    "sizeFrom": 5,
    "sizeTo": 0
    }
	}
	}
	]
}
