{
        "type": "flying",
        "lowAltitude": false,
        "defaultController": "AssemblerAI",
        "allowedInPayloads": false,
        "playerControllable": false,
        "speed": 5.0,
        "targetable": false,
        "accel": 0.5,
        "lowAltitude": false,
        "drag": 0.5,
        "trailLength": 8, 
        "enegineColor": "A9D8FFFF",
        "trailColor": "A9D8FFFF",
        "flying": true,
        "health": 100,
        "hitSize": 8,
        "armor": 1,
        "itemCapacity": 15,
        "engineOffset": 6
}
