{
         "type": "missile",
         "controller": "MissileAI",
         "lifetime": 1500,
        "lowAltitude": true,
        "speed": 5.4,
        "flying": true,
        "health": 100,
        "isEnemy": false,
        "allowedInPayloads": false,
        "playerControllable": false,
        "physics": false,
        "useUnitCap": false,
        "createWreck": false,
        "createScorch": false,
        "hitSize": 9,
        "armor": 0,
        "itemCapacity": 0,
        "engineOffset": 6,
        "engineColor": "A9D8FFFF",
        "trailColor": "A9D8FFFF",
  "outlineColor": "36363c",
        "range": 100,
        "trailLength": 8,
        "faceTarget": true,
	    "weapons": [
	   {
    "name": "drone-weapon",
    "shootCone": 15,
    "mirror": false,
    "top": true,
    "x": 0,
    "y": 0,
    "shootY": 4,
    "reload": 1,
    "shootSound": "sap",
    "bullet": {
    "shootEffect": "lightningShoot",
    "smokeEffect": "none",
      "despawnEffect": {
      "type": "ParticleEffect",
      "line": true,
      "particles": 6,
      "lifetime": 20,
      "offset": 30,
      "length": 25,
      "cone": -360,
      "lenFrom": 5,
      "lenTo": 0,
      "colorFrom": "A9D8FFFF",
      "colorTo": "66B1FFFF"
      },
      "hitEffect": {
      "type": "ParticleEffect",
      "line": true,
      "particles": 6,
      "lifetime": 20,
      "offset": 30,
      "length": 25,
      "cone": -360,
      "lenFrom": 5,
      "lenTo": 0,
      "colorFrom": "A9D8FFFF",
      "colorTo": "66B1FFFF"
      },
    "type": "LaserBoltBulletType",
    "damage": 8.5,
    "speed": 6,
    "frontColor": "A9D8FFFF",
    "backColor": "66B1FFFF",
    "lifetime": 35
}
}
],
"abilities": [
        {
    "type": "MoveLightningAbility",
    "minSpeed": 0.1,
    "maxSpeed": 5.5,
    "offset": 20,
    "damage": 10,
    "color": "f3e979",
    "chance": 0.5,
    "shootSound": "none",
    "shootEffect": "none",
    "bulletAngle": 1,
    "bullet": {
    "speed": 0.01,
    "damage": 10,
    "width": 12,
    "pierce": "true",
    "type": "ShrapnelBulletType",
    "lifetime": 19,
    "lightColor": "A9D8FFFF",
    "length": 80,
    "serrations": 0,
    "toColor": "A9D8FFFF",
    "shootEffect": "none",
    "hitColor": "A9D8FFFF",
    "statusDuration": 90,
    "status": "slow"
    }
            }
        ]
}