{
"type": "ConsumeGenerator",
"localizedName": "Astrum genertor",
	 "researchCostMultiplier": 0.15,
"description": "Uses the faint cold energy coming off astrolite to generate power",
"displayEfficiency": false,
"minEfficiency": 1,
"health": 500,
"size": 1,
"powerProduction": 0.5,
"itemCapacity": 10,
	"drawer": {
	"type": "DrawMulti",
        "drawers": [
      {
        "type": "DrawDefault"
        },
     {
 "type": "DrawGlowRegion",
 "suffix": "-glow",
  "color": "66B1FFFF"
	  }
    ]
    },
    "consumes": {
    "items": ["astrolite/1"]
	},
	"requirements": [
        "astrolite/30",
        "lead/15"
],
"category": "power",
"research": "genesis-central",
"ambientSound": "hum",
"ambientSoundVolume": 0.25
}
