{
"type": "ConsumeGenerator",
"researchCostMultiplier": 0.2,
"localizedName": "Cold plasma generator",
"description": "Uses cold plasma to generate power",
"displayEfficiency": false,
"minEfficiency": 1,
"health": 1400,
"size": 2,
"powerProduction": 3.5,
"liquidCapacity": 65,
	"drawer": {
	"type": "DrawMulti",
        "drawers": [
      {
     "type": "DrawRegion",
       "suffix": "-bottom"
        },
        {
     "type": "DrawParticles",
    "color": "66B1FFFF",
    "alpha": 0.4,
     "blending": "additive",
     "particleSize": 4,
    "particleRad": 6,
    "particles": 23,
    "fadeMargin": 1,
    "rotateScl": 4,
    "particleLife": 40
	  },
        {
        "type": "DrawDefault"
        },
     {
 "type": "DrawGlowRegion",
 "suffix": "-glow",
  "color": "66B1FFFF"
	  }
    ]
    },
"consumes": {
        "liquids": ["exogenesis-cold-plasma/0.18"]
	},
	"requirements": [
        "silicon/600",
        "stellar-steel/500",
        "lead/600"
],
"envRequired": 0,
"category": "power",
"research": "b-astrum-generator",
"ambientSound": "hum",
"ambientSoundVolume": 0.25
}
