{
	"type": "battery",
	"size": 6,
	"absorbLasers": true,
	"fullLightColor": "79F2EEFF",
	"emptyLightColor": "565666FF",
	"hasPower": true,
	"outputsPower": true,
	"consumesPower": true,
	"hasItems": false,
	"canOverdrive": false,
	"health": 5000,
	"consumes": {
		"powerBuffered": 40000
	},
	"category": "power",
	"research": "battery",
	"requirements": [
		{ "item": "titanium", "amount": 280 },
		{ "item": "silicon", "amount": 480 },
		{ "item": "omega-blue", "amount": 290 },
		{ "item": "terrilium", "amount": 520 },
		{ "item": "stellar-steel", "amount": 100 }
	]
}
