{
	"type": "NuclearReactor",
	"health": 1200,
	"itemCapacity": 30,
	"size": 4,
	"ambientSound": "hum",
	"ambientSoundVolume": 0.85,
	"lightColor": "F0D4D9FF",
    "explosionRadius": 24,
    "explosionDamage": 2860,
	"hasLiquids": true,
	"powerProduction": 56,
	"itemDuration": 400,
	"heating": 0.004,
	"consumes": {
		"items": {
			"items": [
                "jupiteium/1"
			]
	},
		"liquid": {
			"liquid": "cryofluid",
			"amount": 0.2
		}
	},
	"requirements": [
        "surge-alloy/80",
        "plastanium/270",
        "jupiteium/370",
        "titanium/300",
        "silicon/200"
	],
	"category": "power",
	"research": "thorium-reactor"
}
