{
	"type": "NuclearReactor",
	"health": 1200,
	"itemCapacity": 30,
	"liquidCapacity": 30,
	"size": 4,
	"ambientSound": "hum",
	"ambientSoundVolume": 0.35,
	"lightColor": "F0D4D9FF",
    "explosionRadius": 24,
    "explosionDamage": 1060,
	"hasLiquids": true,
	"powerProduction": 25,
	"itemDuration": 310,
	"heating": 0.02,
	"consumes": {
			"items": [
                "astrolite/12"
			],
		"liquids": ["exogenesis-cold-plasma/1"]
	},
	"requirements": [
        "astrolite/250",
        "terrilium/170",
        "metaglass/100",
        "silicon/300",
        "osmium/330"
	],
	"category": "power",
	"research": "b-cold-plasma-generator"
}
