{
"type": "Floor",
"itemDrop": "astrolite",
"playerUnmineable": true,
"emitLight": true,
"lightRadius": 14,
"lightOpacity": 14,
"lightColor": "A9D8FFFF",
"status": "freezing",
"attributes": {
  "heat": -3.8
},
"statusDuration": 15,
"walkEffect": {
"type": "ParticleEffect",
"line": true,
"particles": 3,
"lifetime": 10,
"length": 35,
"cone": -360,
"lenFrom": 5,
"lenTo": 0,
"colorFrom": "A9D8FFFF",
"colorTo": "66B1FFFF"
},
"updateEffect": {
"type": "ParticleEffect",
"line": true,
"particles": 4,
"lifetime": 10,
"length": 35,
"cone": -360,
"lenFrom": 5,
"lenTo": 0,
"colorFrom": "A9D8FFFF",
"colorTo": "66B1FFFF"
},
"variants": 4
}
