{
    "type": "PowerTurret",
    "researchCostMultiplier": 0.5,
    "squareSprite": false,
    "outlineColor": "36363CFF",
	"size": 3,
	"heatColor": "A9D8FFFF",
	"health": 500,
    "reload": 80,
    "range": 200,
    "shoot": {
    "type": "shootPattern",
    "shots": 4,
    "shotDelay": 3
	},
    "inaccuracy": 100,
    "recoil": 2.7,
    "rotateSpeed": 3,
    "shootSound": "laser",
    "drawer": {
    "type": "drawTurret",
    "basePrefix": "genesux-"
    },
	"consumes" : {
		"power": 11
         },
    "hasPower": true,
    "shootType": {
        "type": "BasicBulletType",
        "speed": 5,
        "spin": 3,
        "drag": 0.07,
        "shootEffect": {
        "type": "multiEffect",
        "effects": [
        {
        "type": "ParticleEffect",
        "particles": 20,
        "length": 40,
        "lifetime": 36,
        "interp": "circleOut",
        "sizeInterp": "pow5Out",
        "cone": 360,
        "colorFrom": "A9D8FFFF",
        "colorTo": "66B1FFFF",
        "sizeFrom": 4.5,
        "sizeTo": 0
        },
        {
        "type": "ParticleEffect",
        "particles": 1,
        "sizeFrom": 15,
        "sizeTo": 0,
        "length": 0,
        "lightColor": "73FFAEFF",
        "lifetime": 30,
        "layer": 109,
        "region": "exogenesis-star",
        "colorFrom": "A9D8FFFF",
        "colorTo": "66B1FFFF"
        },
        {
        "type": "WaveEffect",
        "lifetime": 25,
        "sizeFrom": 0,
        "sizeTo": 30,
        "strokeFrom": 3.5,
        "strokeTo": 0,
        "colorFrom": "A9D8FFFF",
        "colorTo": "66B1FFFF"
        }
        ]
        },
        "lifetime": 65,
        "frontColor": "E4FDFFFF",
        "backColor": "66B1FFFF",
        "trailColor": "66B1FFFF",
        "weaveMag": 5,
        "weaveScale": 6,
        "trailParam": 5,
        "trailLength": 8,
        "trailWidth": 1.5,
        "trailEffect": "none",
        "status": "freezing",
        "damage": 20,
        "despawnEffect": {
        "type": "ParticleEffect",
        "line": true,
        "particles": 5,
        "lifetime": 10,
        "length": 35,
        "cone": -360,
        "lenFrom": 5,
        "lenTo": 0,
        "colorFrom": "E4FDFFFF",
        "colorTo": "66B1FFFF"
        },
        "hitEffect": {
        "type": "ParticleEffect",
        "line": true,
        "particles": 5,
        "lifetime": 10,
        "length": 35,
        "cone": -360,
        "lenFrom": 5,
        "lenTo": 0,
        "colorFrom": "E4FDFFFF",
        "colorTo": "66B1FFFF"
        },
        "width": 21,
        "height": 21,
        "shrinkY": 0,
        "shrinkX": 0,
        "sprite": "exogenesis-energy-partical",
    "fragBullets": 1,
	"fragBullet": {
	    "type": "BasicBulletType",
        "speed": 6,
        "spin": 8,
        "lifetime": 70,
        "hitEffect": {
        "type": "multiEffect",
        "effects": [
        {
        "type": "WaveEffect",
        "lifetime": 25,
        "sizeFrom": 0,
        "sizeTo": 20,
        "strokeFrom": 3.5,
        "strokeTo": 0,
        "colorFrom": "A9D8FFFF",
        "colorTo": "66B1FFFF"
        },
        {
        "type": "ParticleEffect",
        "particles": 1,
        "sizeFrom": 25,
        "sizeTo": 0,
        "length": 0,
        "lightColor": "73FFAEFF",
        "lifetime": 30,
        "layer": 109,
        "region": "exogenesis-star",
        "colorFrom": "A9D8FFFF",
        "colorTo": "66B1FFFF"
        },
        {
        "type": "ParticleEffect",
        "particles": 1,
        "sizeFrom": 10,
        "sizeTo": 0,
        "length": 0,
        "lightColor": "73FFAEFF",
        "lifetime": 30,
        "layer": 109,
        "region": "exogenesis-star",
        "colorFrom": "FFFFFFF",
        "colorTo": "FFFFFFF"
        }
        ]
        },
        "splashDamage": 15,
        "splashDamageRadius": 30,
        "frontColor": "E4FDFFFF",
        "backColor": "66B1FFFF",
        "trailColor": "66B1FFFF",
        "trailParam": 5,
        "trailLength": 10,
        "trailWidth": 2,
        "trailEffect": "none",
        "status": "freezing",
        "damage": 55,
        "homingPower": 0.5,
        "homingRange": 170,
        "width": 28,
        "height": 28,
        "shrinkY": 0,
        "shrinkX": 0,
        "sprite": "exogenesis-energy-partical"
	}
    },
    "requirements": [
        "astrolite/300",
        "silicon/200",
        "stellar-steel/200"
    ],
    "category": "turret",
    "research": "c-armada"
}
