{
    "type": "ContinuousTurret",
    "squareSprite": false,
    "outlineColor": "36363CFF",
    "size": 4,
    "health": 1600,
    "reload": 70,
    "range": 300,
    "rotateSpeed": 4,
    "shootY": 13,
    "drawer": {
    "type": "drawTurret",
    "basePrefix": "genesux-",
         "parts": [
         {
         "type": "shapePart",
         "y": 13,
        "hollow": true,
        "circle": true,
        "layer": 110,
         "color": "66B1FFff",
         "stroke": 0,
        "strokeTo": 1.4,
        "radiusTo": 7,
         "radius": 7
     },
        {
         "type": "RegionPart",
         "layer": -1,
          "colorTo": "66B1FF90",
          "color": "A9D8FF00",
         "progress": "warmup",
         "blending": "additive",
         "outline": false,
         "suffix": "-glow"
        },
        {
        "type": "HaloPart",
        "y": 13,
        "radius": 2.6,
        "tri": true,
        "layer": 110,
        "color": "66B1FFff",
        "haloRotateSpeed": 0.7,
        "haloRadius": 7,
        "haloRadiusTo": 7,
        "stroke": 0,
        "strokeTo": 2,
         "shapes": 4,
        "triLengthTo": 10,
         "triLength": 0
        }
        ]
        },
        "shootSound": "laser",
	"consumes" : {
	"power": 17
        "liquids": ["cold-plasma/0.4"],
         },
        "shootType": {
        "type": "PointLaserBulletType",
        "sprite": "exogenesis-c-halley-laser",
        "status": "freezing",
        "damage": 65,
        "drawSize": 1500,
        "beamEffect": {
        "type": "multiEffect",
        "effects": [
        {
        "type": "ParticleEffect",
        "particles": 6,
        "length": 40,
        "lifetime": 56,
        "interp": "circleOut",
        "colorFrom": "A9D8FFFF",
        "colorTo": "66B1FFFF",
        "sizeFrom": 3.5,
        "sizeTo": 0
        },
        {
        "type": "ParticleEffect",
        "line": true,
        "particles": 5,
        "lifetime": 55,
        "length": 75,
        "cone": -360,
        "lenFrom": 8,
        "lenTo": 0,
        "colorFrom": "A9D8FFFF",
        "colorTo": "66B1FFFF"
        }
        ]
        },
        "splashDamageRadius": 54,
        "splashDamage": 10,
        "color": "E1F2FFFF"
    },
    "requirements": [
        "stellar-steel/300",
        "dytrix/340",
        "siratla-diamond/150",
        "osmium/360",
        "silicon/430"
    ],
    "category": "turret",
    "research": "c-astrology"
}
