{
	"type": "PowerTurret",
	"size": 5,
	"health": 3880,
	"reload": 340,
	"range": 300,
	"heatColor": "FFFFFFF ",
	"recoil": 5,
	"moveWhileCharging": false,
	"consumes" : {
		"power": 63
         },
    "drawer": {
    "type": "drawTurret",
    "basePrefix": "genesux-"
    },
    "moveWhileCharging": true,
    "update": true,
    "hasPower": true,
    "shootEffect": {
    "type": "multiEffect",
    "effects": [
    {
    "type": "ParticleEffect",
    "particles": 1,
    "lifetime": 15,
    "length": 0,
    "interp": "swingIn",
    "region": "exogenesis-tall",
    "sizeFrom": 46,
    "sizeTo": 0,
    "lightColor": "A9D8FFFF",
    "colorFrom": "A9D8FFFF",
    "colorTo": "66B1FFFF"
    },
    {
    "type": "ParticleEffect",
    "particles": 1,
    "length": 0,
    "lifetime": 15,
    "interp": "swingIn",
    "region": "exogenesis-spikething",
    "offsetX": 10,
    "sizeFrom": 25,
    "sizeTo": 1,
    "lightColor": "A9D8FFFF",
    "colorFrom": "A9D8FFFF",
    "colorTo": "66B1FFFF"
    }
    ]
    },
    "chargeSound": "lasercharge2",
"shoot": {
  "firstShotDelay": 130
},
   
  
  "shake": 4,
  "shootSound": "coolplasmaboom",
	"rotateSpeed": 4,
    "shootType" : {
    "type": "empBulletType",
     "sprite" : "exogenesis-plasma",
"trailChance": 1,
        "trailRotation": true,
        "trailEffect": {
        "type": "ParticleEffect",
        "particles": 1,
        "sizeFrom": 10,
        "sizeTo": 4,
        "length": 0,
        "lifetime": 15,
        "colorFrom": "66B1FFFF",
        "colorTo": "66B1FF00"
        },
    "status": "exogenesis-high-energy-blast",
    "timeIncrease": 0,
    "powerDamageScl": 1,
    "powerSclDecrease": 0.1,
    "unitDamageScl": 0.5,
    "lightRadius": 60,
    "statusDuration": 200,
 "bulletInterval": 6,
    "intervalBullet": {
  "type": "ContinuousFlameBulletType",
    "damage": 40,
        "colors": ["66B1FFAA", "66B1FFff", "A9D8FFFF", "FFFFFF"],
    "width": 5.5,
"drawFlare": false,
     "hitEffect": {
    "type": "ParticleEffect",
    "line": true,
    "particles": 7,
    "lifetime": 15,
    "length": 65,
    "cone": -360,
    "strokeFrom": 2.5,
    "strokeTo": 0,
    "lenFrom": 8,
    "lenTo": 0,
    "colorFrom": "A9D8FFFF",
    "colorTo": "66B1FFFF"
    },
    "divisions": 20,
    "length": 45,
    "drawSize": 350,
    "lifetime": 10,
    "status": "exogenesis-high-energy-blast",
    "statusDuration": 150
    },
  "chargeEffect": {
    "type": "multiEffect",
    "lifetime": 150,
    "effects": [
    {
    "type": "ParticleEffect",
    "line": true,
    "particles": 7,
    "lifetime": 130,
    "offset": 50,
    "length": 75,
    "baseLength": -75,
    "cone": 360,
    "interp": "pow3In",
    "sizeInterp": "pow5Out",    
    "strokeFrom": 0,
    "strokeTo": 1.6,    
    "lenFrom": 0,
    "lenTo": 7,
    "colorFrom": "A9D8FFFF",
    "colorTo": "66B1FFFF"
    },
    {
    "type": "ParticleEffect",
    "line": true,
    "particles": 7,
    "lifetime": 125,
    "offset": 50,
    "length": 65,
    "baseLength": -65,
    "cone": 360,
    "interp": "pow3In",
    "sizeInterp": "pow5Out",  
    "strokeFrom": 0,
    "strokeTo": 1.6,    
    "lenFrom": 0,
    "lenTo": 6,
    "colorFrom": "A9D8FFFF",
    "colorTo": "66B1FFFF"
    },
    {
    "type": "ParticleEffect",
    "line": true,
    "particles": 7,
    "lifetime": 115,
    "offset": 50,
    "length": 55,
    "baseLength": -55,
    "cone": 360,
    "interp": "pow3In",
    "sizeInterp": "pow5Out",    
    "strokeFrom": 0,
    "strokeTo": 1.6,    
    "lenFrom": 0,
    "lenTo": 5,
    "colorFrom": "A9D8FFFF",
    "colorTo": "66B1FFFF"
 },
    {
    "type": "ParticleEffect",
    "particles": 1,
    "sizeFrom": 2,
    "sizeTo": 25,
    "length": 0,
    "spin": 7,
    "layer": 109,
    "lifetime": 135,
    "lightColor": "A9D8FFFF",
    "region": "exogenesis-wide",
    "colorFrom": "A9D8FFFF",
    "colorTo": "66B1FFFF"
    },
    {
    "type": "ParticleEffect",
    "particles": 1,
    "sizeFrom": 2,
    "sizeTo": 17,
    "length": 0,
    "spin": -7,
    "layer": 109,
    "lifetime": 135,
    "lightColor": "A9D8FFFF",
    "region": "exogenesis-tall",
    "colorFrom": "A9D8FFFF",
    "colorTo": "66B1FFFF"
    },
    {
    "type": "ParticleEffect",
    "particles": 1,
    "sizeFrom": 1,
    "sizeTo": 10,
    "length": 0,
    "lifetime": 135,
    "lightColor": "A9D8FFFF",
    "colorFrom": "A9D8FFFF",
    "colorTo": "66B1FFFF",
    "cone": 360
    },
    {
    "type": "ParticleEffect",
    "particles": 1,
    "sizeFrom": 1,
    "sizeTo": 6,
    "length": 0,
    "lifetime": 135,
    "lightColor": "A9D8FFFF",
    "colorFrom": "FFFFFFF",
    "colorTo": "FFFFFFF"
    }
    ]
  },
    "hitSound": "plasmaboom",
    "hitColor": "A9D8FFFF",
    "shrinkY": 0,
    "shrinkX": 0,
    "lightning": 7,
    "lightningDamage": 50,
    "lightningColor": "A9D8FFFF",
    "lightningCone": 360,
    "lightningLengthRand": 11,
    "lightningLength": 5,

    "speed": 3,
    "lifetime": 120,
    "damage": 615,
    "height": 25,
    "width": 25,
    "radius": 60,
    "hitPowerEffect": {
    "type": "ParticleEffect",
    "line": true,
    "particles": 6,
    "lifetime": 22,
    "length": 80,
    "cone": -360,
    "lenFrom": 6,
    "lenTo": 6,
    "lightColor": "A9D8FFFF",
    "colorFrom": "E1F2FFFF",
    "colorTo": "A9D8FFFF"
    },
    "hitEffect": {
    "type": "multiEffect",
    "effects": [
    {
    "type": "ParticleEffect",
    "particles": 15,
    "sizeFrom": 17,
    "sizeTo": 1,
    "length": 90,
    "lifetime": 105,
    "lightOpacity": 0,
    "interp": "circleOut",
    "sizeInterp": "pow5In",
    "colorFrom": "66B1FFAa",
    "colorTo": "66B1FFAA",
    "cone": 360
    },
    {
    "type": "WaveEffect",
    "lifetime": 25,
    "sizeFrom": 0,
    "sizeTo": 100,
    "strokeFrom": 7,
    "strokeTo": 0,
    "colorFrom": "A9D8FF10",
    "colorTo": "66B1FFFF"
    },
    {
    "type": "ParticleEffect",
    "offset": 30,
    "particles": 30,
    "lifetime": 30,
    "baseLength": 85,
    "length": 120,
    "interp": "circleOut",
    "sizeInterp": "pow5In",
    "cone": -360,
    "line": true,
    "strokeFrom": 2,
    "strokeTo": 0,
    "lenFrom": 8,
    "lenTo": 0,
    "lightColor": "A9D8FFFF",
    "colorFrom": "E1F2FFFF",
    "colorTo": "A9D8FFFF"
    },
    {
    "type": "ParticleEffect",
    "particles": 15,
    "sizeFrom": 13,
    "sizeTo": 1,
    "length": 100,
    "lifetime": 90,
    "interp": "circleOut",
    "sizeInterp": "pow5In",
    "lightColor": "A9D8FFFF",
    "colorFrom": "E1F2FFFF",
    "colorTo": "A9D8FFFF",
    "cone": 360
    },
    {
    "type": "ParticleEffect",
    "particles": 20,
    "offset": 50,
    "sizeFrom": 18,
    "sizeTo": 1,
    "length": 60,
    "lifetime": 80,
    "interp": "circleOut",
    "sizeInterp": "pow5In",
    "lightColor": "A9D8FFFF",
    "colorFrom": "E1F2FFFF",
    "colorTo": "A9D8FFFF",
    "cone": 360
    },
    {
    "type": "ParticleEffect",
    "particles": 20,
    "sizeFrom": 5,
    "sizeTo": 1.5,
    "length": 90,
    "lifetime": 55,
    "interp": "fastSlow",
    "lightColor": "A9D8FFFF",
    "colorFrom": "E1F2FFFF",
    "colorTo": "A9D8FFFF",
    "cone": 360
    },
    {
    "type": "ParticleEffect",
    "particles": 15,
    "sizeFrom": 5,
    "sizeTo": 1.5,
    "length": 100,
    "lifetime": 55,
    "interp": "fastSlow",
    "lightColor": "A9D8FFFF",
    "colorFrom": "E1F2FFFF",
    "colorTo": "A9D8FFFF",
    "cone": 360
    }
    ]
    },
    "homingRange": 70,
    "homingPower": 0.00567,
    "splashDamageRadius": 74,
    "splashDamage": 876,
    "frontColor": "E1F2FFFF",
    "backColor": "66B1FFFF",
	"fragBullets": 8,
	"fragLifeMin": 0.6,
	"fragBullet": {
    "type": "basicBulletType",
    "sprite": "exogenesis-energy-partical",
    "hitEffect": {
    "type": "ParticleEffect",
    "line": true,
    "particles": 8,
    "lifetime": 26,
    "length": 35,
    "cone": -40,
    "lenFrom": 6,
    "lenTo": 6,
    "colorFrom": "A9D8FFFF",
    "colorTo": "66B1FFFF"    
    },
    "despawnEffect": {
    "type": "ParticleEffect",
    "particles": 1,
    "lifetime": 40,
    "length": 0,
    "interp": "swingIn",
    "spin": 7,
    "region": "exogenesis-energy-partical-back",
    "sizeFrom": 20,
    "sizeTo": 0,
    "colorFrom": "A9D8FFFF",
    "colorTo": "66B1FFFF"   
    },
    "homingPower": 0.07,
    "homingRange": 60,
    "homingDelay": 8,
    "trailColor": "66B1FFAA",
    "trailLength": 8,
    "trailWidth": 2,
    "lifetime": 30,
    "damage": 60,
    "statusDuration": 90,
    "status": "freezing",
    "speed": 6,
    "width": 21,
    "height": 21,
    "backColor": "66B1FFAA",
    "frontColor": "A9D8FFFF"
	    
	}
	},
	"requirements": [
        "terrilium/400",
        "osmium/400",
        "siratla-diamond/300",
        "silicon/800",
        "stellar-steel/600"
	],
	"envRequired": 0,
	"category": "turret",
	"research": "c-nebula"
}
