{
	"type": "PowerTurret",
	"size": 5,
	"health": 880,
	"reload": 30,
	"range": 200,
  "shootY": 6,
    "drawer": {
    "type": "drawTurret",
    "basePrefix": "quantra-"
    },     
    "shootEffect": {
    "type": "ParticleEffect",
    "particles": 5,
    "length": 60,
    "lifetime": 46,
    "interp": "circleOut",
    "cone": 360,
    "colorFrom": "73FFAEFF",
    "colorTo": "73FFAEFF",
    "sizeFrom": 5,
    "sizeTo": 0
    },
"shoot": {
    "type": "ShootPattern",
    "shots": 10,
    "shotDelay": 10
    },
	"recoil" : 1.5,
	"rotateSpeed": 5,
	
	"shootSound" : "laser",
"consumes" : {
		"power": 60
		},
	"hasPower" : true,
	"shootType": {
		"type" : "BasicBulletType",
		"sprite" : "exogenesis-slice",
		"status": "exogenesis-irradiated",
		"damage": 80,
		"height" : 13,
                "spin": 7,
		"width" : 13,
		"hitSize": 10,
		"speed": 7,
		"lifetime" : 50,
		"shrinkX": 0,
   "weaveMag": 2.2,
   "weaveScale": 7,
		"shrinkY": 0,
    "hitEffect": {
    "type": "ParticleEffect",
    "particles": 10,
    "length": 60,
    "lifetime": 46,
    "interp": "circleOut",
    "cone": 360,
    "colorFrom": "73FFAEFF",
    "colorTo": "73FFAEFF",
    "sizeFrom": 5,
    "sizeTo": 0
    },
    "despawnEffect": {
    "type": "ParticleEffect",
    "particles": 10,
    "length": 60,
    "lifetime": 46,
    "interp": "circleOut",
    "cone": 360,
    "colorFrom": "73FFAEFF",
    "colorTo": "73FFAEFF",
    "sizeFrom": 5,
    "sizeTo": 0
    },
	"shootEffect":  "shootBig",
		"pierce": true,
		"frontColor": "FFFFFFF",
		"backColor": "73FFAEFF"
		
	},

	"requirements": [
		{ "item": "thorium", "amount": 700},
		{ "item": "gamma-green", "amount": 350},
		{ "item": "plastanium", "amount": 220},
		{ "item": "titanium", "amount": 400},
		{ "item": "silicon", "amount": 440}
	],
	"category": "turret",
	"research": "g-gluon"
}
