{
	"type": "PowerTurret",
	"size": 5,
	"health": 1900,
	"reload": 220,
	"range": 250,
    "consumes" : {
    "power": 28,
    },
    "heatRequirement": 14,
    "maxHeatEfficiency": 1,
    "outlineColor": "252525",
    "update": true,
    "hasPower": true,
    "drawer": {
    "type": "drawTurret",
    "basePrefix": "solran-"
    },
    "shootEffect": {
    "type": "multiEffect",
    "effects": [
    {
    "type": "ParticleEffect",
    "particles": 1,
    "lifetime": 20,
    "length": 0,
    "interp": "swingIn",
    "region": "exogenesis-tall",
    "sizeFrom": 20,
    "sizeTo": 0,
    "colorFrom": "FF5845FF",
    "colorTo": "FF5845FF"       
    },
    {
    "type": "ParticleEffect",
    "particles": 1,
    "length": 0,
    "lifetime": 20,
    "interp": "swingIn",
    "region": "exogenesis-spikething",
    "sizeFrom": 17,
    "sizeTo": 1,
    "lightColor": "FF5845FF",
    "colorFrom": "FFC1BBFF",
    "colorTo": "FF5845FF"    
    }
    ]
    },
    "shake": 4,
    "shootSound": "shootSmite",
	"recoil" : 4,
	"rotateSpeed": 2,
	
        "shootType" : {
        "type": "BasicBulletType",
        "speed": 6,
        "lifetime": 70,
        "hitEffect": "none",
        "frontColor": "FFFFFFF",
        "backColor": "FF5845FF",
        "trailColor": "FF5845FF",
        "trailLength": 13,
        "trailWidth": 4.5,
        "damage": 180,
        "homingPower": 0.03,
        "homingDelay": 40,
        "homingRange": 170,
        "width": 14,
        "height": 31,
        "shrinkY": 0,
        "shrinkX": 0,
        "trailChance": 0.5,
        "trailRotation": true,
        "trailEffect": {
        "type": "multiEffect",
        "effects": [
        {
        "type": "ParticleEffect",
        "particles": 2,
        "length": -40,
        "lifetime": 56,
         "cone": -20,
        "interp": "circleOut",
        "colorFrom": "FF5845FF",
        "colorTo": "FF5845AA"
        "sizeFrom": 3.5,
        "sizeTo": 0
        },
        {
        "type": "ParticleEffect",
        "line": true,
        "particles": 2,
        "lifetime": 55,
        "length": -75,
        "cone": -20,
        "lenFrom": 8,
        "lenTo": 0,
        "colorFrom": "FF5845FF",
        "colorTo": "FF5845FF"
        }
        ]
        },
        "sprite" : "missile-large"
	},
	"requirements": [
        "thorium/600",
        "volcanite/700",
        "primal-red/600",
        "titanium/450",
        "silicon/670",
        "copper/600"
	],
	"category": "turret",
	"research": "r-geothermal"
}
