{
	"type": "ContinuousTurret",
	"size": 13,
	"health": 1000000,
 "heatColor": "FF5845FF",
	"outlineColor": "1B1B1BFF",
	"reload": 300,
	"range": 550,
	"shootSound": "torch",
"consumes" : {
		"power": 90
		},
    "loopSound": "beam",
    "drawer": {
    "type": "drawTurret",
    "basePrefix": "solran-",
      "parts": [
    {
    "suffix": "-front",
    "mirror": true,
     "moveRot": -7,
    "progress": "warmup",
    "children": [
    {
    "type": "RegionPart",
    "layer": -1,
     "mirror": true,
    "color": "FF5845FF",
     "blending": "additive",
    "outline": false,
    "suffix": "-frontglow"
    }
    ],
    "heatColor": "FF5845FF"
    },
    {
    "suffix": "-wing",
    "mirror": true,
    "moveRot": -6 ,
    "heatColor": "FF5845FF",
 "children": [
    {
    "type": "RegionPart",
    "layer": -1,
    "color": "FF5845FF",
    "outline": false,
    "mirror": true,
    "suffix": "-wingglow"
    }
    ],
    "progress": "warmup"
}
]
    },
    "loopSoundVolume": 6.5,
    "hasLiquids": true,
    "liquidCapacity": 400,
	"shootY": 9,
	"heatColor": "FFFFFF",
    "coolantMultiplier": 0.8,
    "update": true,
    "hasPower": true,
    "shootEffect": {
    "type": "WaveEffect",
    "lifetime": 20,
    "sizeFrom": 0,
    "sizeTo": 90,
    "strokeFrom": 6,
    "strokeTo": 0,
    "colorFrom": "FF5845FF",
    "colorTo": "FFC1BBFF"
    },
    "shake": 3,
	"recoil" : 1,
	"rotateSpeed": 1.5,
 
    "shootType" : {
    "type": "ContinuousFlameBulletType",
    "colors": ["DE4136AA", "DE4136ff", "FF5845FF", "FFC1BBFF"],
    "damage": 6000,
    "flareWidth": 16,
    "flareLength": 124,
    "flareColor": "FF5845FF",
    "width": 14,
    "lifetime": 105,
    "divisions": 20,
    "length": 500,
    "status": "exogenesis-plasma-vaporisation",
    "statusDuration": 150,
    "hitEffect": {
    "type": "ParticleEffect",
    "line": true,
    "particles": 8,
    "lifetime": 25,
    "length": 65,
    "cone": -360,
    "lenFrom": 7,
    "lenTo": 1,
    "colorFrom": "FF5845FF",
    "colorTo": "FFC1BBFF"
    },
    "lightning": 2,
    "lightningDamage": 0,
    "lightningCone": 65,
    "lightningLengthRand": 1,
    "lightningLength": 1,
    "lightningType": {
    "type": "ContinuousFlameBulletType",
     "colors": ["DE4136AA", "DE4136ff", "FF5845FF", "FFC1BBFF"],
    "damage": 300,
    "width": 8,
    "divisions": 20,
    "length": 230,
    "lifetime": 25,
"hitEffect": {
    "type": "ParticleEffect",
    "line": true,
    "particles": 8,
    "lifetime": 25,
    "length": 65,
    "cone": -360,
    "lenFrom": 7,
    "lenTo": 1,
    "colorFrom": "FF5845FF",
    "colorTo": "FFC1BBFF"
    },
    "drawFlare": true,
    "status": "exogenesis-plasma-vaporisation",
    "statusDuration": 150
    },
    "drawSize": 660
		},
	"requirements": [
	    "silicon/10000",
	    "volcanite/10000",
        "thorium/8000",
        "titanium/7750",
        "copper/8700",
        "primal-red/6800",
        "annihilation-crystal/800",
        "plastanium/6350",
        "osmium/4000"
	],
	"research": "r-aftershock",
	"category": "turret"
}
